## Redaxo Database Dump Version 5
## Prefix rex_
## charset utf8

SET FOREIGN_KEY_CHECKS = 0;

DROP TABLE IF EXISTS `rex_action`;
CREATE TABLE `rex_action` (
  `id` int unsigned NOT NULL AUTO_INCREMENT,
  `name` varchar(255) NOT NULL,
  `preview` text,
  `presave` text,
  `postsave` text,
  `previewmode` tinyint DEFAULT NULL,
  `presavemode` tinyint DEFAULT NULL,
  `postsavemode` tinyint DEFAULT NULL,
  `createdate` datetime NOT NULL,
  `revision` int unsigned NOT NULL,
  `createuser` varchar(255) NOT NULL,
  `updatedate` datetime NOT NULL,
  `updateuser` varchar(255) NOT NULL,
  PRIMARY KEY (`id`)
) ENGINE=InnoDB DEFAULT CHARSET=utf8mb3;
DROP TABLE IF EXISTS `rex_article`;
CREATE TABLE `rex_article` (
  `pid` int unsigned NOT NULL AUTO_INCREMENT,
  `id` int unsigned NOT NULL,
  `parent_id` int unsigned NOT NULL,
  `name` varchar(255) NOT NULL,
  `catname` varchar(255) NOT NULL,
  `catpriority` int unsigned NOT NULL,
  `startarticle` tinyint(1) NOT NULL,
  `priority` int unsigned NOT NULL,
  `path` varchar(255) NOT NULL,
  `status` tinyint(1) NOT NULL,
  `template_id` int unsigned NOT NULL,
  `clang_id` int unsigned NOT NULL,
  `createdate` datetime NOT NULL,
  `revision` int unsigned NOT NULL,
  `createuser` varchar(255) NOT NULL,
  `updatedate` datetime NOT NULL,
  `updateuser` varchar(255) NOT NULL,
  `cat_navigation` varchar(255) DEFAULT '',
  `cat_color` varchar(255) DEFAULT '',
  `cat_sep_char` text,
  `cat_preloader` varchar(255) DEFAULT '',
  PRIMARY KEY (`pid`),
  UNIQUE KEY `find_articles` (`id`,`clang_id`),
  KEY `id` (`id`),
  KEY `clang_id` (`clang_id`),
  KEY `parent_id` (`parent_id`)
) ENGINE=InnoDB AUTO_INCREMENT=26 DEFAULT CHARSET=utf8mb3;

LOCK TABLES `rex_article` WRITE;
/*!40000 ALTER TABLE `rex_article` DISABLE KEYS */;
INSERT INTO `rex_article` VALUES 
  (1,1,0,'Start','Start',1,1,1,'|',1,1,1,'2017-08-02 11:53:44',0,'admin','2018-04-12 17:06:29','admin','burger','','','||'),
  (2,2,0,'Abschnitte als Module','Abschnitte als Module',2,1,1,'|',1,1,1,'2017-09-28 20:57:24',0,'admin','2018-04-11 17:39:27','admin','normal','green','#','||'),
  (3,3,0,'Abschnitte als Artikel','Abschnitte als Artikel – Band-Website',3,1,1,'|',1,2,1,'2017-08-02 11:53:47',0,'admin','2018-04-10 17:46:59','admin','burger','darkgrey','♫','||'),
  (4,4,3,'Intro / Echolot','Abschnitte als Artikel – Band-Website',0,0,2,'|3|',1,2,1,'2017-08-03 17:13:28',0,'admin','2018-04-13 01:13:19','admin','','','',''),
  (5,5,3,'Die letzten Jahre','Abschnitte als Artikel – Band-Website',0,0,3,'|3|',1,2,1,'2017-08-03 17:13:35',0,'admin','2018-04-11 15:19:15','admin','','','',''),
  (6,6,3,'Song-Snippets','Abschnitte als Artikel – Band-Website',0,0,5,'|3|',1,2,1,'2017-09-01 06:48:02',0,'admin','2017-12-03 08:38:09','admin','','','',''),
  (7,7,3,'Zahlen und Fakten','Abschnitte als Artikel – Band-Website',0,0,6,'|3|',1,2,1,'2017-09-04 09:14:46',0,'admin','2018-01-02 01:54:00','admin','','','',''),
  (8,8,3,'Musiker','Abschnitte als Artikel – Band-Website',0,0,7,'|3|',1,2,1,'2017-09-06 07:58:50',0,'admin','2018-04-11 18:00:12','admin','','','',''),
  (9,9,3,'Aktuell','Abschnitte als Artikel – Band-Website',0,0,4,'|3|',1,2,1,'2017-09-06 11:57:11',0,'admin','2017-12-03 08:38:10','admin','','','',''),
  (10,10,0,'Impressum','',0,0,1,'|',0,1,1,'2017-09-07 07:08:31',0,'admin','2017-10-15 22:10:58','admin','','','',''),
  (11,11,0,'Datenschutz','',0,0,2,'|',0,1,1,'2017-09-07 07:08:37',0,'admin','2017-10-15 22:07:48','admin','','','',''),
  (12,12,0,'Start','Multipage – Agentur-Website',5,1,1,'|',1,5,1,'2017-09-17 09:09:03',0,'admin','2018-04-07 15:23:03','admin','normal','','','||'),
  (13,13,12,'Leistungen','Agentur',1,1,1,'|12|',1,5,1,'2017-09-17 09:08:56',0,'admin','2018-04-07 15:27:16','admin','burger','','','||'),
  (14,14,12,'Leistungen','Leistungen',2,1,1,'|12|',1,5,1,'2017-09-17 09:08:57',0,'admin','2018-04-13 13:29:23','admin','burger','','','||'),
  (15,15,12,'Referenzen','Referenzen',3,1,1,'|12|',1,5,1,'2017-09-17 09:08:58',0,'admin','2018-04-12 10:05:49','admin','burger','','','||'),
  (16,16,0,'Abschnitte als Kategorien','Abschnitte als Kategorien – Reise-Website',4,1,1,'|',1,8,1,'2017-09-28 20:57:43',0,'admin','2018-04-10 17:47:42','admin','normal','blue','&#10052;','|true|'),
  (17,17,16,'Beispiel Header-Modul','Header-Modul',1,1,1,'|16|',1,8,1,'2017-09-28 20:59:56',0,'admin','2018-01-05 16:25:34','admin','normal','','','||'),
  (18,18,16,'Bisherige Trips','Bisherige Trips',2,1,1,'|16|',1,8,1,'2017-09-28 20:59:57',0,'admin','2017-11-26 07:51:49','admin','normal','','','||'),
  (19,19,16,'Aktuell','Aktuell',3,1,1,'|16|',1,8,1,'2017-09-28 20:59:58',0,'admin','2017-11-26 08:01:28','admin','normal','','','||'),
  (20,20,16,'Polar-Weisheiten','Polar-Weisheiten',5,1,1,'|16|',1,8,1,'2017-09-28 20:59:59',0,'admin','2018-01-05 12:23:23','admin','normal','','','||'),
  (21,21,16,'Zahlen','Zahlen',4,1,1,'|16|',1,8,1,'2017-09-28 21:00:00',0,'admin','2018-01-02 01:49:13','admin','normal','','','||'),
  (22,22,19,'Weitere Artikel','Aktuell',0,0,2,'|16|19|',1,8,1,'2017-10-10 07:22:24',0,'admin','2017-11-26 16:30:59','admin','','','',''),
  (23,23,20,'Unterwegs auf Svalbard','Polar-Weisheiten',0,0,2,'|16|20|',1,8,1,'2017-10-10 20:19:17',0,'admin','2018-04-10 17:48:47','admin','','','',''),
  (24,24,12,'Footer','Multipage – Agentur-Website',0,0,2,'|12|',0,5,1,'2017-10-22 22:27:35',0,'admin','2017-11-26 08:13:22','admin','','','',''),
  (25,25,20,'Footer','Polar-Weisheiten',0,0,3,'|16|20|',1,8,1,'2017-11-26 08:08:58',0,'admin','2017-11-26 08:14:40','admin','','','','');
/*!40000 ALTER TABLE `rex_article` ENABLE KEYS */;
UNLOCK TABLES;

DROP TABLE IF EXISTS `rex_article_slice`;
CREATE TABLE `rex_article_slice` (
  `id` int unsigned NOT NULL AUTO_INCREMENT,
  `article_id` int unsigned NOT NULL,
  `clang_id` int unsigned NOT NULL,
  `ctype_id` int unsigned NOT NULL,
  `module_id` int unsigned NOT NULL,
  `revision` int NOT NULL,
  `priority` int unsigned NOT NULL,
  `status` tinyint(1) NOT NULL DEFAULT '1',
  `value1` mediumtext,
  `value2` mediumtext,
  `value3` mediumtext,
  `value4` mediumtext,
  `value5` mediumtext,
  `value6` mediumtext,
  `value7` mediumtext,
  `value8` mediumtext,
  `value9` mediumtext,
  `value10` mediumtext,
  `value11` mediumtext,
  `value12` mediumtext,
  `value13` mediumtext,
  `value14` mediumtext,
  `value15` mediumtext,
  `value16` mediumtext,
  `value17` mediumtext,
  `value18` mediumtext,
  `value19` mediumtext,
  `value20` mediumtext,
  `media1` varchar(255) DEFAULT NULL,
  `media2` varchar(255) DEFAULT NULL,
  `media3` varchar(255) DEFAULT NULL,
  `media4` varchar(255) DEFAULT NULL,
  `media5` varchar(255) DEFAULT NULL,
  `media6` varchar(255) DEFAULT NULL,
  `media7` varchar(255) DEFAULT NULL,
  `media8` varchar(255) DEFAULT NULL,
  `media9` varchar(255) DEFAULT NULL,
  `media10` varchar(255) DEFAULT NULL,
  `medialist1` text,
  `medialist2` text,
  `medialist3` text,
  `medialist4` text,
  `medialist5` text,
  `medialist6` text,
  `medialist7` text,
  `medialist8` text,
  `medialist9` text,
  `medialist10` text,
  `link1` varchar(10) DEFAULT NULL,
  `link2` varchar(10) DEFAULT NULL,
  `link3` varchar(10) DEFAULT NULL,
  `link4` varchar(10) DEFAULT NULL,
  `link5` varchar(10) DEFAULT NULL,
  `link6` varchar(10) DEFAULT NULL,
  `link7` varchar(10) DEFAULT NULL,
  `link8` varchar(10) DEFAULT NULL,
  `link9` varchar(10) DEFAULT NULL,
  `link10` varchar(10) DEFAULT NULL,
  `linklist1` text,
  `linklist2` text,
  `linklist3` text,
  `linklist4` text,
  `linklist5` text,
  `linklist6` text,
  `linklist7` text,
  `linklist8` text,
  `linklist9` text,
  `linklist10` text,
  `createdate` datetime NOT NULL,
  `createuser` varchar(255) NOT NULL,
  `updatedate` datetime NOT NULL,
  `updateuser` varchar(255) NOT NULL,
  PRIMARY KEY (`id`),
  KEY `slice_priority` (`article_id`,`priority`,`module_id`),
  KEY `clang_id` (`clang_id`),
  KEY `article_id` (`article_id`),
  KEY `find_slices` (`clang_id`,`article_id`)
) ENGINE=InnoDB AUTO_INCREMENT=81 DEFAULT CHARSET=utf8mb3;

LOCK TABLES `rex_article_slice` WRITE;
/*!40000 ALTER TABLE `rex_article_slice` DISABLE KEYS */;
INSERT INTO `rex_article_slice` VALUES 
  (1,1,1,1,2,0,1,1,'Einfach . Flexibel . Sinnvoll','Redaxo','Onepage-Demo','','','','','','photo','','color','1','','','','','','1','','','stars.jpg','','','','','','','','','','','','','','','','','','','','','','','','','','','','','','','','','','','','','','','','2017-08-02 12:38:22','admin','2018-04-10 17:45:25','admin'),
  (2,1,1,1,3,0,3,1,'Worum geht\'s?','Prinzip des Onepagers','Die Links der Navigation führen nicht auf eigene Artikel, sondern scrollen als Sprungmarken zu unteren Seitenbereichen. Es gibt etliche Möglichkeiten, wie man so etwas in REDAXO aufbauen kann.\r\n\r\nFühlst Du Dich allein gelassen? Die Demo zeigt drei mögliche Wege ... und übrigens: Dieses Modul hat auch noch einen Bildslider integriert ...','columns','slider-fullwidth','','','','','','','','','','','','','1','','','','','','','','','','','','','swimmer.jpg,road.jpg,view.jpg','','','','','','','','','','','','','','','','','','','','','','','','','','','','','','2017-08-02 13:08:30','admin','2018-01-02 14:04:50','admin'),
  (3,1,1,1,4,0,5,1,'pe-7s-plugin','Abschnitte als Module','Alle Inhalte befinden sich auf einem Redaxo-Artikel. Als \"Trenner\" zwischen den Segmenten dient ein Anker-Modul. Das erzeugt den Sprunganker ebenso wie den Navigationspunkt und markiert den Anfang eines Segments.\r\n\r\nIn dieser Demo finden sich kurze Erklärungen der Templates, Module und Funktionen.\r\n\r\n\"(button)Onepage-Demo mit Modulen\":redaxo://2','pe-7s-news-paper','Abschnitte als Artikel','Jedes Segment wird durch einen Artikel generiert. Der Hauptartikel bindet also die Inhalte aller Unterseiten ein. Die Navigation kann fast konventionell aufgebaut werden, die URLs führen lediglich zu Ankern.\r\n\r\nDiese Demo ist eine kleine Beispiel-Website **für eine Rock-Band**.\r\n\r\n\"(button)Onepage-Demo mit Artikeln\":redaxo://3','','','','','','','','','2','Grundprinzip','Drei Wege','Nachfolgend findest Du die Links zu den drei Onepage-Demos. Die Module können in allen Varianten gleichermaßen eingesetzt werden.','1','','','','','','','','','','','','','','','','','','','','','','','','','','','','','','','','','','','','','','','','','','2017-08-02 13:08:40','admin','2018-04-11 13:14:51','admin'),
  (5,1,1,1,11,0,12,1,'* \"Redaxo Website\":https://redaxo.org/\r\n* \"Redaxo Doku\":https://redaxo.org/doku/master\r\n* \"Friends Of Redaxo\":https://github.com/FriendsOfREDAXO','© 2016 – ###year### REDAXO Open Source CMS','','','black','','','','','','','','','','','','','','1','','','','','','','','','','','','','','','','','','','','','','','','','','','','','','','','','','','','','','','','','','2017-08-03 06:40:22','admin','2018-04-11 14:28:35','admin'),
  (6,2,1,1,2,0,1,1,'Onepage-Demo','Long way to scroll','Abschnitte als Module','','','','','','photo','','gradient','3','','','','','','','','','road.jpg','','','','','','','','','','','','','','','','','','','','','','','','','','','','','','','','','','','','','','','','2017-08-03 17:05:37','admin','2018-04-10 17:45:43','admin'),
  (7,3,1,1,2,0,1,1,'Eine Band-Onepage-Website','Soundhell','A new listening experience','','','','','','photo','','gradient','0','','','','','','','','','bassman.jpg','','','','','','','','','','','','','','','','','','','','','','','','','','','','','','','','','','','','','','','','2017-08-03 17:12:13','admin','2018-04-10 17:46:59','admin'),
  (8,2,1,1,1,0,2,1,'Konzept','konzept','','','','','','','','','','','','','','','','','','','','','','','','','','','','','','','','','','','','','','','','','','','','','','','','','','','','','','','','','','','2017-08-03 17:14:44','admin','2017-08-03 17:14:44','admin'),
  (10,2,1,1,3,0,3,1,'Modulbasierte Onepage-Website','Alles auf einer Seite','Das Prinzip einer Onepage-Website ist stets, dass der gesamte Content geparst und durchlaufen wird, um dann die Inhalte jeweils gesammelt in die Navigation und den Inhaltsbereich zu schreiben.\r\n\r\nLöst man dies mit Modulen innerhalb eines Artikels, sind alle Sektionen schnell erreichbar, und es findet im Backend wie im Frontend alles auf einer Seite statt.\r\n\r\nDer grundlegende Code dazu sieht so aus:','','pic-fullwidth','<?php\r\n// Array für Anker initialisieren\r\nrex::setProperty(\'anchors\', new ArrayIterator());\r\n\r\n// Der gesamte Seiten-Inhalt wird geparst und in eine Variable geschrieben.\r\n// Ohne das Parsen würden die Anker-Module keine Inhalte zurückgeben\r\n$content = $this->getArticle(\'1\');\r\n\r\n// Ein ANKER-MODUL erzeugt die Navigation und die Sprunganker.\r\n// Der Ankername wird manuell eingetragen,\r\n// könnte aber auch aus dem Navigationstitel generiert werden.\r\n$items = array();\r\n$items = [\'anchor\' => \'REX_VALUE[2]\', \'title\' => \'REX_VALUE[1]\'];\r\nrex::getProperty(\'anchors\')->append($items);\r\n\r\n// Im TEMPLATE wird aus dem durch das Modul\r\n// erzeugten Array die Navigation zusammengesetzt.\r\n$items = rex::getProperty(\'anchors\')->getArrayCopy();\r\nif (count($items) > 0) {\r\n	foreach ($items as $item) {\r\n		echo \'<a href=\"\" data-id=\"#\'.$item[\'anchor\'].\'\">\'.$item[\'title\'].\'</a>\';\r\n	}\r\n}\r\n\r\n// Jetzt nur noch den Content ausgeben\r\necho $content;\r\n?>','','','','','','','','','','','','1','1','','code_html.jpg','','','','','','','','','','','','','','','','','','','','','','','','','','','','','','','','','','','','','','','','2017-08-12 21:43:11','admin','2018-04-11 12:58:40','admin'),
  (11,2,1,1,7,0,10,1,'With a little help from my friends','REDAXO-Community','Besuche die REDAXO-Website und insbesondere die Dokumentation. Komm in den REDAXO-Slack-Channel und tausche Dich mit anderen Entwicklern aus. Schließe Dich den FRIENDS OF REDAXO an und entwickle AddOns gemeinsam.','','3','','','','list','[{\"quote\":\"\",\"name\":\"\",\"REX_MEDIA_1\":\"\"}]','','','','','','','','','1','','','','','','','','','','','','logo_redaxo.svg,logo_slack.svg,logo_for.svg','','','','','','','','','','','','','','','','','','','','','','','','','','','','','','2017-08-12 21:47:41','admin','2018-04-11 17:39:27','admin'),
  (12,8,1,1,8,0,1,1,'Täglich auf der Bühne','Musiker','Seit vier Jahren besteht die Band noch immer in Originalbesetzung.','','3','','','','','','','','','','','','','1','','','','','','','','','','','','','samantha.jpg,dennis.jpg,mike.jpg','','','','','','','','','','','','','','','','','','','','','','','','','','','','','','2017-08-14 10:19:20','admin','2018-04-11 18:00:12','admin'),
  (13,2,1,1,6,0,14,1,'Pst ...','Ein kleines Gimmick','Eigentlich gibt es vier Templates, denn zu den drei verschiednen Ansätzen einer Onepage-Website (mit Modulen, Artikel oder Kategorien) gesellt sich – dank minimaler Erweiterungen – ein klassisches Template für mehrere Seiten, realisiert durch Kategorien.\r\n\r\nSo kann man sich entspannt zurücklehnen, wenn der Kunde seine Onpage-Website in eine mit mehreren Seiten ändern will.','','','','','','','','','','','','','','','1','','','pool.jpg','','','','','','','','','','','','','','','','','','','','','','','','','','','','','','','','','','','','','','','','2017-08-14 12:05:26','admin','2017-10-10 20:17:25','admin'),
  (14,2,1,1,5,0,7,1,'Die Macht der Metafelder','Optionen','In der Demo finden sich einige Optionen, wie man die Optik der Website beeinflussen kann. Metafelder – seien es nun Artikel- oder Kategoriefelder – eignen sich hier perfekt zur Steuerung, da es ja ohnehin nur um eine Seite geht.','3','content','','','','','[{\"REX_MEDIA_1\":\"screen_preloader.jpg\",\"project_title\":\"Preloader\",\"project_subtitle\":\"Wer\'s mag\",\"project_text\":\"Ein Preloader kann \\u00fcber ein Kategorie-Metafeld hinzugeschaltet werden. Dadurch legt sich ein Layer \\u00fcber die die Seite, der erst ausgeblendet wird, wenn alle Inhalte geladen wurden.\\r\\n\\r\\nDie Farbe des Preloaders wechselt passend zur gew\\u00e4hlten Hauptfarbe.\"},{\"REX_MEDIA_1\":\"screen_social_icons.jpg\",\"project_title\":\"Social Icons\",\"project_subtitle\":\"Sprach-Metafelder?\",\"project_text\":\"Es sind Social Links zu Facebook und Twitter vorgesehen, weitere k\\u00f6nnen leicht erg\\u00e4nzt werden. Diese werden an verschiedenen Stellen der Demo angezeigt, zum Beispiel zu Beginn der Off-Canvas-Navigation oder im gro\\u00dfen Footer.\\r\\n\\r\\nGepflegt werden die Links bei Sprach-Metafeldern \\u2013 ein sinnvoller Ort f\\u00fcr Daten, die f\\u00fcr die ganze Website zur Verf\\u00fcgung stehen sollen ... erst recht, wenn diese Daten f\\u00fcr sprachabh\\u00e4ngig unterschiedlich sein sollen.\"},{\"REX_MEDIA_1\":\"screen_navigation.jpg\",\"project_title\":\"Navigationsstile\",\"project_subtitle\":\"Standard und Off-Canvas\",\"project_text\":\"Neben der h\\u00e4ufig genutzten horizontalen Navigation kann man alternativ eine Off-Canvas-Navigation w\\u00e4hlen. Hier schiebt sich dann bei Klick auf das Hamburger Icon eine vertikale Navigationsleiste in die Seite.\\r\\n\\r\\nDiese Auswahl kann f\\u00fcr jede Seite individuell getroffen werden \\u2013 nat\\u00fcrlich auch unabh\\u00e4ngig davon, ob man eine Onepage- oder Multipage-Website aufbauen m\\u00f6chte.\"},{\"REX_MEDIA_1\":\"screen_footer.jpg\",\"project_title\":\"Footer\",\"project_subtitle\":\"Gro\\u00df und klein\",\"project_text\":\"Soll der Footer nur eine Zeile hoch sein oder Links in mehreren Spalten anbieten?\\r\\n\\r\\nBeide Varianten sind jeweils als Modul vorhanden \\u2013 w\\u00e4hrend es bei einer normalen Website m\\u00fchsam w\\u00e4re, den Footer manuell auf jede Seite zu setzen, ist das bei einem Onepager gerade praktisch.\\r\\n\\r\\nBeide Footer-Varianten haben Felder f\\u00fcr normale Links und Akkordeon-Links, um z.B. Impressum oder Datenschutz einzublenden. Au\\u00dferdem ist es m\\u00f6glich, in der Copyright-Zeile automatisch das aktuelle Jahresdatum anzeigen zu lassen.\"},{\"REX_MEDIA_1\":\"screen_mblock.jpg\",\"project_title\":\"Mblock\",\"project_subtitle\":\"DIE L\\u00f6sung f\\u00fcr Submodule\",\"project_text\":\"Mblock ist ein unglaublich praktisches AddOn, um h\\u00e4ufig innerhalb eines Moduls wiederkehrende Daten zu verwalten. Tabs. Akkordeons, Timelines oder Slider sind nur einige Beispiele die sich mit Mblock hervorragend realisieren lassen.\\r\\n\\r\\nIn diesen \\\"Submodul\\\"-Bl\\u00f6cken kann man alle Feldtypen verwenden, die auch in einem Modul zur Verf\\u00fcgung stehen. Technisch gesehen, werden alle Feldinhalte als Array in ein Datenbankfeld geschrieben.\\r\\n\\r\\nDie Projekte und Kundenstimmen sind zwei Module dieser Demo, die die M\\u00f6glichkeiten von Mblock nutzen.\"},{\"REX_MEDIA_1\":\"screen_treenstrich.jpg\",\"project_title\":\"Treenzeichen\",\"project_subtitle\":\"Die Liebe zum Detail\",\"project_text\":\"In allen Modulen kann der Haupttitel mit einem Trennstrich erg\\u00e4nzt werden. Dieser Trennstrich wird unterbrochen durch ein Zeichen, das so als wiederkehrendes Ornament immer wieder auf einer Seite auftaucht \\u2013 siehe z.B. in der \\u00dcberschrift oben.\\r\\n\\r\\nDa man Unicode-Zeichen verwenden kann, steht eine gro\\u00dfe Palette an Zeichen bereit.\"}]','','','','','','','','1','1','','','','','','','','','','','','','','','','','','','','','','','','','','','','','','','','','','','','','','','','','','2017-08-14 13:43:03','admin','2017-11-30 21:53:08','admin'),
  (15,6,1,1,7,0,1,1,'Just a little bit ...','... Song-Snippets ...','','','3','','','','quotes','[{\"quote\":\"All you need is ... REDAXO\\r\\n_John Lemon_\",\"name\":\"The Beatles\",\"REX_MEDIA_1\":\"\"},{\"quote\":\"Smells Like ... REDAXO\\r\\n_Kurt Kuhbein_\",\"name\":\"Nirvana\",\"REX_MEDIA_1\":\"\"},{\"quote\":\"Sympathy for ... REDAXO\\r\\n_Nick Jacket_\",\"name\":\"The Rolling Stones\",\"REX_MEDIA_1\":\"\"}]','','','','','','','','','','','','','','','','','','','','','','','','','','','','','','','','','','','','','','','','','','','','','','','','','','','2017-09-01 06:53:13','admin','2017-10-10 20:05:57','admin'),
  (17,2,1,1,9,0,13,1,'pe-7s-note2','Templates','Modul - oder Artikelbasiert','3','pe-7s-menu','Module','Teils mit vielen Optionen','12','pe-7s-diskette','Zeilen Code','Keine Ahnung, ob das stimmt ;-)','3852','','','','Fakten, Fakten, Fakten','Die Demo in Zahlen','1','1','','','','','','','','','','','','','','','','','','','','','','','','','','','','','','','','','','','','','','','','','','2017-09-03 09:36:49','admin','2018-04-11 16:42:40','admin'),
  (18,2,1,1,10,0,15,1,'h5. Informationen','h5. Demo-Links\r\n\r\n\"Standard-Demo\":https://redaxo.org/download/addons/demo_base/\r\n\"Community-Demo\":https://redaxo.org/download/addons/demo_community/\r\n\"Repo der Onepage-Demo\":https://github.com/FriendsOfREDAXO/demo_onepage','Social Links','h5. Information\r\n\r\nDiese Demo einer Onepage-Website und die vielfältigen Module demonstrieren, dass das REDAXO-CMS flexibel und leicht erweitert werden kann.','© 2016 - ###year###: REDAXO','','','','','','gray','','','','','','','','','','','','','','','','','','','','','','','','','','','','','','','','','','','','','','','','10,11','','','','','','','','','','2017-09-03 22:03:29','admin','2017-09-07 13:01:28','admin'),
  (19,7,1,1,9,0,1,1,'','absolvierte Auftritte','Im Jahr zuvor waren es sogar 192','178','','gerissene Gitarrensaiten','Harte Plektren fordern Opfer','23','','geschluckte Aspirin','Kopfschmerzen können quälend sein','78','','','','Das letzte Jahr in Zahlen','Hits & Misses','','','','amp.jpg','','','','','','','','','','','','','','','','','','','','','','','','','','','','','','','','','','','','','','','','2017-09-04 09:18:37','admin','2018-01-02 01:54:00','admin'),
  (20,1,1,1,6,0,11,1,'Was noch?','Natürlich gibt\'s noch mehr ...','Vollformatige Parallax-Fotos , Video, Social Links an verschiedenen Stellen, normale Navigation oder Offpage-Navigation mit Hamburger Icon, Bildergalerien, Modalboxen, Logos mit Zitaten, Profil-Fotos, ...','','','','','','','','','','','','','','','1','1','','snow_canoe.jpg','','','','','','','','','','','','','','','','','','','','','','','','','','','','','','','','','','','','','','','','2017-09-05 18:47:12','admin','2018-01-02 16:08:35','admin'),
  (21,2,1,1,1,0,12,1,'Fakten','fakten','','','','','','','','','','','','','','','','','','','','','','','','','','','','','','','','','','','','','','','','','','','','','','','','','','','','','','','','','','','2017-09-06 08:01:18','admin','2017-09-06 08:01:18','admin'),
  (22,2,1,1,1,0,6,1,'Optionen','optionen','','','','','','','','','','','','','','','','','','','','','','','','','','','','','','','','','','','','','','','','','','','','','','','','','','','','','','','','','','','2017-09-06 08:02:29','admin','2017-09-06 16:55:54','admin'),
  (23,9,1,1,6,0,1,1,'Manic Depression','Pray For A Cloudy Day','Adrenalin. Gas geben. Nachdem das Lampenfieber überwunden ist, hat man vergessen, auf der Bühne zu stehen. Es ist ein Höhenflug, getragen von der Euphorie der Menge. Die Magie des Moments verbindet sich zu einem Rausch.\r\n\r\nUnd dann: Der Absturz danach. Fallen gelassen. Das Gefühl, gegen eine Wand gerannt zu sein. Einsamkeit, kalte Hotelzimmer, Alkohol. Die Hoffnung bleibt, durchzuhalten bis zum nächsten Abend.','','','','','','','','','','','','','','','1','','','pray_bw.jpg','','','','','','','','','','','','','','','','','','','','','','','','','','','','','','','','','','','','','','','','2017-09-06 11:57:59','admin','2017-10-15 22:05:45','admin'),
  (24,4,1,1,3,0,1,1,'','Uns kommt nichts über die Lippen, als das Bier, an dem wir nippen','bq. Ohne Vision, ohne **Navigation**, ohne Echolot.\r\nWir treiben auf der Stelle ohne Zielkanäle unterm Kiel,\r\nKeine Welle schlägt gegen den Bug.\r\n\r\n_Jennifer Rostock // Echolot_\r\n\r\nAuch in dieser Variante, in der die Sektionen durch Artikel aufgebaut werden, muss erst der gesamte Content geparst und und aus den einzelnen Artikeln gesammelt werden, bevor er unterhalb der Navigation ausgegeben wird.\r\n\r\nDas Prinzip: Der Startartikel erzeugt die Ausgabe, die Inhalte kommen aus den weiteren Artikeln, berücksichtigt nur Artikel mit dem Status \"Online\".\r\n\r\nTextersetzungen erleichtern die Formatierung. So erledigt  z.B. eine Ersetzung die Generierung von @<span class=\"label label-primary\">@ durch die Eingabe von zwei Sternchen. Oder – wie unten im Beispiel-Code – die Auszeichung eines Links mit der Klasse \"button\" wird dank einer Ersetzung ergänzt mit den Formatierungen für ein großen Button mit dunklem Hintergrund und Pfeillchen im Button: @\"btn btn-lg btn-black btn-arrow\"@.','','pic-fullwidth','<?php\r\necho \'<ul>\';\r\n\r\n$cat = rex_category::get($this->article_id);\r\n// Alle Artikel der aktuellen Kategorie ermitteln mit dem Status online\r\n$articles = $cat->getArticles(true);\r\n\r\nif (is_array($articles) && count($articles) > 0) {\r\n\r\n	foreach ($articles as $article) {\r\n		// Der Inhalt des aktuellen Artikels soll nicht nochmal erneut ausgelesen werden\r\n		if ($article->getId() == REX_ARTICLE_ID) continue;\r\n		// Der Startartikel wird nicht berücksichtigt\r\n		if ($article->isStartArticle()) continue;\r\n\r\n		// rex_string::normalize entfernt Sonderzeichen für eine gültige URL\r\n		echo \'\r\n		<li><a href=\"\" data-scroll=\"true\" data-id=\"#\'.rex_string::normalize($article->getName()).\'\">\'.$article->getName().\'</a></li>\';\r\n\r\n		// Das Artikel-Objekt wird angesprochen\r\n		$article_content = new rex_article_content($article->getId());\r\n		// Der Inhalt der Unter-Artikel wird an den Artikel-Inhalt angehängt\r\n		// Zu Beginn wird immer ein Sprunganker erzeugt\r\n		$content .= \'\r\n		<div id=\"\'.rex_string::normalize($article->getName()).\'\"></div>\';\r\n		$content .= str_replace(\'class=\"button\', \'class=\"btn btn-lg btn-black btn-arrow\', $article_content->getArticle());\r\n	}\r\n}\r\n\r\necho \'</ul>\';\r\n\r\necho $content;\r\n?>','','','','','','','','','','','','1','','','stage.jpg','','','','','','','','','','','','','','','','','','','','','','','','','','','','','','','','','','','','','','','','2017-09-06 12:40:38','admin','2018-04-13 01:13:19','admin'),
  (25,2,1,1,6,0,9,1,'Den Überblick verloren?','Hilfe in der Community','Die Community ist eine der Stärken von REDAXO. Du kannst frei von Konkurrenzangst Fragen stellen und musst keine Angst haben, Dich zu blamieren. Erster Anlaufpunkt für Probleme wird in den meisten Fällen das Forum sein.\r\n\r\n\"(btn)Zum Forum\":https://redaxo.org/forum/','','','','','','','','','','','','','','','','1','','view.jpg','','','','','','','','','','','','','','','','','','','','','','','','','','','','','','','','','','','','','','','','2017-09-06 12:44:59','admin','2017-09-29 07:05:53','admin'),
  (26,2,1,1,3,0,5,1,'Redaxo-Variablen','Mehr Komfort beim Ein- und Ausgabe-Code von Modulen','Nehmen wir das simple Beispiel einer Überschrift. Diese soll mit einem h1-Tag ausgezeichnet werden. Sofern sie leer gelassen wurde, soll auch kein h1-Tag ausgegeben werden. Dies kann man rasch mit PHP-Mitteln erledigen, aber noch einfacher geht es mit Redaxo-Variablen.\r\nNähere Infos zu den REDAXO-Variablen (und fast allen weiteren Themen) liefert die \"Doku\":https://redaxo.org/doku/master/redaxo-variablen\r\n\r\nDas Code-Beispiel unten setzt die REX_VALUE[1] in ein h1-Tag. Sofern kein Wert eingetragen wurde, erscheint ein entsprechender Hinweis für den Redakteur. Durch das Ausgabeformat @html@ wird der Inhalt als HTML interpretiert und zurückgegeben. Wird der Parameter weggelassen, werden Steuerzeichen dagegen im Inhalt gefiltert. Mit dem Wert @php@ wird der Inhalt als PHP interpretiert. Im Backend wird er als formatierter Quelltext zurückgegeben, im Frontend ausgeführt.','columns','two-pics','REX_VALUE[id=\'1\' prefix=\'<h1>\' suffix=\'</h1>\' ifempty=\'<span class=\"error\">Redakteur, bitte noch eine Überschrift eingeben!</span>\' output=\'html\']','','','','','','','','','','','','1','','','','','','','','','','','','','','','','','','','','','','','','','','','','','','','','','','','','','','','','','','','2017-09-06 13:38:36','admin','2018-01-02 15:17:39','admin'),
  (27,2,1,1,1,0,8,1,'Support','support','','','','','','','','','','','','','','','','','','','','','','','','','','','','','','','','','','','','','','','','','','','','','','','','','','','','','','','','','','','2017-09-06 16:51:13','admin','2017-09-06 16:51:13','admin'),
  (28,2,1,1,3,0,11,1,'','','','','pic-fullwidth','','','','','','','','','','','','','','','','hiker.jpg','','','','','','','','','','','','','','','','','','','','','','','','','','','','','','','','','','','','','','','','2017-09-06 17:51:22','admin','2017-09-06 17:52:57','admin'),
  (30,8,1,1,11,0,3,1,'* \"Redaxo Website\":https://redaxo.org/\r\n* \"Redaxo Doku\":https://redaxo.org/doku/master\r\n* \"Friends Of Redaxo\":https://github.com/FriendsOfREDAXO','© 2016 – ###year### REDAXO Open Source CMS','','','black','','','','','','','','','','','','','','','','','','','','','','','','','','','','','','','','','','','','','','','','','','','','','','10,11','','','','','','','','','','2017-09-06 22:36:18','admin','2017-09-07 07:14:40','admin'),
  (31,10,1,1,6,0,1,1,'Credits und so ...','Impressum','Hier könnte dann das Impressum stehen. Passend für einen Onepager gibt es keine eigene Seite, sondern das Impressum blendet sich am unteren Seitenende ein. Gepflegt werden diese \"Footer-Einblend-Segemente\" als Artikel im Root-Verzeichnis, so dass hierfür alle Module verwendet werden können.\r\n\r\nDemo: Peter Bickel, \"Polarpixel\":http://polarpixel.de\r\nFotos: \"Unsplash\":https://unsplash.com\r\nVideo: Bjørn Klauer, \"Svalbard Expedition\":http://svalbard-expedition.com/','','','','','','','','','','','','','','','1','','','code_white.jpg','','','','','','','','','','','','','','','','','','','','','','','','','','','','','','','','','','','','','','','','2017-09-07 07:11:56','admin','2017-10-15 22:10:58','admin'),
  (32,11,1,1,6,0,1,1,'Das juristische Brimborium','Datenschutz','Diese Website verwendet keine Cookies. Aber sie hätte gern welche, mit Schokostreuseln und einer Tasse Tee, bitte.\r\n\r\nAbgesehen davon kann hier der ganze Datenschutz-Kram rein ...','','','','','','','','','','','','','','','1','','','coffee.jpg','','','','','','','','','','','','','','','','','','','','','','','','','','','','','','','','','','','','','','','','2017-09-07 07:48:40','admin','2017-10-15 22:07:48','admin'),
  (33,5,1,1,5,0,1,1,'Konzert-Highlights','Die letzten Jahre','','3','full','','','','','[{\"REX_MEDIA_1\":\"guitar_bw.jpg\",\"project_title\":\"Haldern-Festival\",\"project_subtitle\":\"Haldern, 2016\",\"project_text\":\"Ein gro\\u00dfartiges Festival. Hier waren Bands wie Reamonn, Starsailor, Travis, Franz Ferdinand, Keane oder Mando Diao zu h\\u00f6ren.\\r\\n\\r\\nWir sind stolz, dabei gewesen zu sein.\"},{\"REX_MEDIA_1\":\"pedalboard.jpg\",\"project_title\":\"Nippon Bud\\u014dkan\",\"project_subtitle\":\"Tokio, 2016\",\"project_text\":\"Urspr\\u00fcnglich eine Halle f\\u00fcr Judo-Wettk\\u00e4mpfe. Aber hey \\u2013 diese B\\u00fchne wurde bereits durch Bob Dylan, Deep Purple und The Beatles heilig.\\r\\n\\r\\nEine Location mit einem sehe speziellen Flair, und ein tolles Publikum.\"},{\"REX_MEDIA_1\":\"looking_back.jpg\",\"project_title\":\"Madison Square Garden\",\"project_subtitle\":\"New York, 2017\",\"project_text\":\"Eigentlich eine Halle vor allem f\\u00fcr Sportveranstaltungen. Aber hier spielten sie alle: John Lennon gemeinsam mit Elton John, Aretha Franklin, The Who, Prince, The Police, Springsteen, Ryan Adams \\u2013 und unser pers\\u00f6nliches Highlight: Led Zeppelin 1971.\\r\\n\\r\\nEin Ort, an dem Rockgeschichte geschrieben wurde.\"}]','','','','','','','','1','','','','','','','','','','','','','','','','','','','','','','','','','','','','','','','','','','','','','','','','','','','2017-09-07 13:23:49','admin','2018-04-11 15:19:15','admin'),
  (34,2,1,1,1,0,4,1,'Test','test','','','','','','','','','','','','','','','','','','','','','','','','','','','','','','','','','','','','','','','','','','','','','','','','','','','','','','','','','','','2017-09-09 10:45:12','admin','2017-09-09 10:45:12','admin'),
  (35,13,1,1,2,0,1,1,'Offen für alles','Agentur','Wir freuen uns auf Ihren Besuch','','','','','','photo','','color','4','','','','','','','','','rooms.jpg','','','','','','','','','','','','','','','','','','','','','','','','','','','','','','','','','','','','','','','','2017-09-23 14:28:19','admin','2018-04-07 15:23:42','admin'),
  (36,14,1,1,2,0,1,1,'Ohne Leidenschaft geht nix','Leistungen','Herausforderungen spornen uns an','','','','','','photo','','gradient','2','','','','','','','','','code_roomcheck.jpg','','','','','','','','','','','','','','','','','','','','','','','','','','','','','','','','','','','','','','','','2017-09-23 14:30:26','admin','2018-04-07 15:27:52','admin'),
  (37,15,1,1,2,0,1,1,'Was bisher geschah','Referenzen','Einige Stichproben unserer Arbeit','','','','','','photo','','gradient','4','','','','','','','','','discussion.jpg','','','','','','','','','','','','','','','','','','','','','','','','','','','','','','','','','','','','','','','','2017-09-23 14:32:46','admin','2018-04-10 17:44:18','admin'),
  (38,8,1,1,6,0,2,1,'','','bq. Cause you\'re a sky, cause you\'re a sky full of stars\r\nI\'m gonna give you my heart\r\nCause you\'re a sky, cause you\'re a sky full of stars_\r\nCause you light up the path\r\n \r\nbq. I don\'t care\r\nGo on and tear me apart\r\nI don\'t care if you do\r\nCause in a sky, a sky full of stars\r\nI think I saw you\r\n...\r\nSuch a heavenly view ...\r\n\r\nColdplay','','','','','','','','','','','','','','','','','','singer_stars.jpg','','','','','','','','','','','','','','','','','','','','','','','','','','','','','','','','','','','','','','','','2017-09-23 18:36:33','admin','2017-12-03 11:34:44','admin'),
  (39,12,1,1,2,0,1,1,'Alles ist fertig','Fluid Design','Eine Agentur-Multipage-Website','','','','','','photo','','gradient','2','','','','','','','','','must_be_done.jpg','','','','','','','','','','','','','','','','','','','','','','','','','','','','','','','','','','','','','','','','2017-09-24 21:39:46','admin','2018-04-07 15:18:46','admin'),
  (40,16,1,1,2,0,1,1,'2017','Unterwegs auf Svalbard','Derzeit Umrundung der Nordhalbinsel','','','','','','video','','color','2','','','','','','','','','','huskyfarm.mp4','','','','','','','','','','','','','','','','','','','','','','','','','','','','','','','','','','','','','','','2017-09-28 21:00:49','admin','2018-04-10 17:47:42','admin'),
  (41,1,1,1,1,0,2,1,'Das Prinzip','prinzip','','','','','','','','','','','','','','','','','','','','','','','','','','','','','','','','','','','','','','','','','','','','','','','','','','','','','','','','','','','2017-09-28 21:59:28','admin','2017-09-28 21:59:28','admin'),
  (42,1,1,1,1,0,4,1,'3 plus 1 Wege','wege','','','','','','','','','','','','','','','','','','','','','','','','','','','','','','','','','','','','','','','','','','','','','','','','','','','','','','','','','','','2017-09-28 21:59:47','admin','2017-09-28 21:59:47','admin'),
  (43,1,1,1,1,0,10,1,'Noch mehr','mehr','','','','','','','','','','','','','','','','','','','','','','','','','','','','','','','','','','','','','','','','','','','','','','','','','','','','','','','','','','','2017-09-28 21:59:59','admin','2018-04-12 10:28:44','admin'),
  (44,20,1,1,7,0,1,1,'Der Norden ruft','Polar-Weisheiten','','','3','','','','quotes','[{\"quote\":\"Seit meiner Kindheit tr\\u00e4ume ich davon, den Nordpol zu erreichen, nun stehe ich auf dem S\\u00fcdpol.\\r\\n_Roald Amundsen, 1872-1928,_\\r\\n__norwegischer Polarforscher__\",\"name\":\"Amundsen\",\"REX_MEDIA_1\":\"\"},{\"quote\":\"Der Drang, die weissen Flecken von der Landkarte zu entfernen, entspringt eher gewissen menschlichen Urinstinkten als der Wissenschaft oder dem Gesch\\u00e4ftssinn.\\r\\n_Hugh Robert Mill, 1861 \\u2013 1950,_\\r\\n__schottischer Geograph und Polarforscher__\",\"name\":\"Mill\",\"REX_MEDIA_1\":\"\"},{\"quote\":\"Uns\\u00e4glich langsam nur vermochte das menschliche Auge die Nebel des Eismeeres zu durchdringen; hinter der Nebelwand lag das Land des Mythos.\\r\\n_Fridtjof Nansen, 1861-1930,_\\r\\n__norwegischer Polarforscher__\",\"name\":\"Nansen\",\"REX_MEDIA_1\":\"\"},{\"quote\":\"Ich hatte das Gef\\u00fchl, als w\\u00e4re ich auf einen anderen Planeten oder in ein anderes Erdzeitalter geraten, von dem der Mensch kein Wissen, an das er keine Erinnerung hat.\\r\\n_Richard Evelyn Byrd, 1888 - 1957,_\\r\\n__amerikanischer Polarforscher und Konteradmiral__\",\"name\":\"Byrd\",\"REX_MEDIA_1\":\"\"}]','','','','','','','','','','','','','','','','','','','','','','','','','','','','','','','','','','','','','','','','','','','','','','','','','','','2017-09-28 22:06:01','admin','2018-01-05 12:23:23','admin'),
  (45,1,1,1,4,0,6,1,'pe-7s-folder','Abschnitte als Kategorien','Dies ist eine Weiterentwicklung der Variante mit Artikeln. Wenn man stattdessen Kategorien verwendet, können diese Kategorien wiederum Artikel (oder Kategorien) haben, die weitere Inhalte innerhalb eines Segments ausliefern.\r\n\r\nDiese Demo ist eine kleine Beispiel-Website **für einen Reise-Journalisten**.\r\n\r\n\"(button)One-Demo mit Kategorien\":redaxo://16','pe-7s-network','Ausbau zur Multipage','Wenn man die Abschnitte durch Module aufbaut, ist es nur ein kleiner Schritt zur Ausbau in eine Multipage-Website. Letztlich muss nur die Navigation etwas umgeschrieben werden. Die Demo zeigt den Weg.\r\n\r\nDiese Demo ist eine kleine Beispiel-Website **für eine Web-Agentur**.\r\n\r\n\"(button)Einfache Multipage-Demo\":redaxo://12','','','','','','','','','2','','','','','','','','','','','','','','','','','','','','','','','','','','','','','','','','','','','','','','','','','','','','','','2017-10-08 22:26:31','admin','2017-12-03 06:27:45','admin'),
  (46,18,1,1,5,0,1,1,'Die letzten Jahre','Bisherige Expeditionen','Es ist wichtig, in vielen Expeditionen reichlich Erfahrung zu sammeln. Das Unterwegs-Sein in in den einsamsten und unwirtlichsten Landstrichen ist meine Passion. Eine Selbstverständlichkeit ist dabei, die Natur mindestens so sauber zu hinterlassen, wie man sie vorgefunden hat. Denn in der Arktis dauert es Jahrzehnte, bis ein Stiefelabdruck nicht mehr sichtbar ist.','3','full','','','','','[{\"REX_MEDIA_1\":\"hiker.jpg\",\"project_title\":\"Gr\\u00f6nland-Durchquerung\",\"project_subtitle\":\"2022\",\"project_text\":\"\"},{\"REX_MEDIA_1\":\"swimmer.jpg\",\"project_title\":\"Island-Schwimm-Marathon\",\"project_subtitle\":\"2007\",\"project_text\":\"\"},{\"REX_MEDIA_1\":\"snow_canoe.jpg\",\"project_title\":\"Kanada der L\\u00e4nge nach\",\"project_subtitle\":\"2013\",\"project_text\":\"\"}]','','','','','','','','','','','','','','','','','','','','','','','','','','','','','','','','','','','','','','','','','','','','','','','','','','','2017-10-09 22:13:52','admin','2017-11-26 07:51:49','admin'),
  (47,19,1,1,6,0,1,1,'Newsmeldung','Eisbär-Kontakt','Ich weiß, dass ich meinen für etliche Monate kalkulierten Proviant vor Eisbären schützen muss. Ich weiß auch, dass Eisbären Plastik- und selbst Metalltonnen so zusetzen können, dass sie an den Inhalt gelangen. Das geschah nun. Eine Tonne habe ich dadurch verloren.\r\n\r\nIch werden meinen Proviant also noch besser sichern und mein Lager ein Stück entfernt von den Tonnen aufschlagen müssen, um Eisbären nicht zum Zelt zu locken.','','','','','','','','','','','','','','','','','','icebear.jpg','','','','','','','','','','','','','','','','','','','','','','','','','','','','','','','','','','','','','','','','2017-10-10 07:20:43','admin','2017-11-26 08:01:28','admin'),
  (48,22,1,1,3,0,1,1,'Weitere Artikel in einer Kategorie','Sub-Segmente','In dieser Demo werden de einzelnen Segmente mit Kategorien gebildet. Dies bietet große Flexibilität, denn in einer Kategorie können beliebig viele weitere Artikel mit jeweils beliebig vielen Modulen angelegt werden, die dann alle innerhalb eines Segments ausgelesen werden.\r\n\r\nOb man diese Möglichkeit benötigt, muss jeder selbst entscheiden. Aber diese Navigations-Variante soll als weitere Option gezeigt werden – zumal die Webdsite dann recht rasch zu einer \"Multipage-Website (Start)\":redaxo://12 umgewandelt werden kann.','columns','pic-fullwidth','<?php\r\n$content = \'\';\r\n$path = rex_article::getCurrent()->getPathAsArray();\r\n$path1 = ((!empty($path[1])) ? $path[1] : \'\');\r\n\r\necho \'\r\n<ul>\';\r\n\r\n	// Unterkategorien des aktuellen Artikels\r\n	$cats = rex_category::get($this->article_id);\r\n	$children = $cats->getChildren(true);\r\n\r\n	// Array der Unterkategorien durchlaufen\r\n	if (is_array($children) && count($children) > 0) {\r\n		foreach ($children as $child) {\r\n\r\n		// Der Inhalt des aktuellen Artikels soll nicht nochmal erneut ausgelesen werden\r\n		if ($child->getId() == REX_ARTICLE_ID) continue;\r\n\r\n		// rex_string::normalize entfernt Sonderzeichen für eine gültige URL\r\n		echo \'\r\n		<li><a href=\"\" data-scroll=\"true\" data-id=\"#\'.rex_string::normalize($child->getName()).\'\">\'.$child->getName().\'</a></li>\';\r\n\r\n		// Das Artikel-Objekt wird angesprochen, um die Inhalte zu erhalten\r\n		$category_content = new rex_article_content($child->getId());\r\n\r\n		// Der jeweilige Inhalt wird in eine Variable geschrieben\r\n		// Zu Beginn wird immer ein Sprunganker erzeugt\r\n		$content .= \'\r\n		<div id=\"\'.rex_string::normalize($child->getName()).\'\"></div>\';\r\n		$content .= str_replace(\'class=\"button\', \'class=\"btn btn-lg btn-black btn-arrow\', $category_content->getArticle());\r\n\r\n		// Falls die Kategorie weitere Artikel hat,\r\n		// diese ebenfalls in das gleiche Segment laden\r\n		// Kommentare dazu im Template \"Abschnitte als Artikel\"\r\n		$cat = rex_category::get($child->getId());\r\n		$articles = $cat->getArticles(true);\r\n		if (is_array($articles) && count($articles) > 0) {\r\n\r\n			foreach ($articles as $article) {\r\n				if ($article->getId() == REX_ARTICLE_ID) continue;\r\n				if ($article->isStartArticle()) continue;\r\n				$article_content = new rex_article_content($article->getId());\r\n				$content .= $article_content->getArticle();\r\n				}\r\n			}\r\n			// Ende weitere Artikel der Kategorie holen\r\n\r\n		}\r\n	}\r\n\r\necho \'\r\n</ul>\';\r\n?>','','','','','','','','','','','','','','','','','','','','','','','','','','','','','','','','','','','','','','','','','','','','','','','','','','','','','','','2017-10-10 07:24:47','admin','2017-11-26 16:30:59','admin'),
  (49,23,1,1,2,0,1,1,'Ich bin Reise-Journalist ...','Hej!','... und organisiere Expeditionen','','','','','','photo','','color','0','','','','','1','1','','','writer.jpg','','','','','','','','','','','','','','','','','','','','','','','','','','','','','','','','','','','','','','','','2017-10-10 20:20:18','admin','2018-04-10 17:48:47','admin'),
  (50,21,1,1,9,0,1,1,'','zurück gelegte Kilometer','Per Fuß, Ski und Kajak','58.576','','Paar Wanderstiefel','Verschlissene Lederstiefel, zweifach genäht','16','','Zeltnächte unter 0°','gemessen am Zelteingang','932','','','','10 Jahre','Die Bilanz der letzten','','','','oven.jpg','','','','','','','','','','','','','','','','','','','','','','','','','','','','','','','','','','','','','','','','2017-10-16 06:08:06','admin','2018-01-02 01:49:13','admin'),
  (51,17,1,1,3,0,2,1,'','','Natürlich kann man Code auch in eigene Dateien auslagern – das Project-AddOn wäre ein geeigneter Platz dafür – und via Extension Points an den gewünschten Stellen laden.\r\nMehr zu diesem Thema findest Du auch \"hier (Leistungen)\":redaxo://14.','','pic-fullwidth','<?php\r\n// Eine eigene CSS-Datei wird im Header des Backends geladen\r\nif (rex::isBackend()) {\r\n	rex_view::addCssFile($this->getAssetsUrl(\'css/onepage.css\'));\r\n}\r\n','','','','','','','','','','','','','','','pool.jpg','','','','','','','','','','','','','','','','','','','','','','','','','','','','','','','','','','','','','','','','2017-10-16 07:03:54','admin','2018-01-05 16:25:34','admin'),
  (52,15,1,1,5,0,3,1,'','Beispiel-Projekte','Wir lieben die Abwechslung.','4','full','','','','','[{\"REX_MEDIA_1\":\"table.jpg\",\"project_title\":\"Talking Tables\",\"project_subtitle\":\"Branding f\\u00fcr eine M\\u00f6belschreinerei\",\"project_text\":\"Dies ist nur ein sinnloser Dummy-Text ... wobei, nicht ganz: Man k\\u00f6nnte in der Projekt-Detailansicht, in der Du gerade liest, noch leicht weitere Optionen erg\\u00e4nzen, um z.B. Text in mehreren Spalten zu setzen, die Spaltenbreiten von Bild und Text zu modifizieren, das derzeit eine Bild zu einer Bildergalerie zu erweitern, und vieles mehr.\\r\\n\\r\\nWie w\\u00e4r\'s?\"},{\"REX_MEDIA_1\":\"writer.jpg\",\"project_title\":\"Arctic Avalanche\",\"project_subtitle\":\"Produktkatalog f\\u00fcr ein Mode-Label\",\"project_text\":\"Dies ist nur ein sinnloser Dummy-Text ... wobei, nicht ganz: Man k\\u00f6nnte in der Projekt-Detailansicht, in der Du gerade liest, noch leicht weitere Optionen erg\\u00e4nzen, um z.B. Text in mehreren Spalten zu setzen, die Spaltenbreiten von Bild und Text zu modifizieren, das derzeit eine Bild zu einer Bildergalerie zu erweitern, und vieles mehr.\\r\\n\\r\\nWie w\\u00e4r\'s?\"},{\"REX_MEDIA_1\":\"singer_stars.jpg\",\"project_title\":\"The Flying Rabbits\",\"project_subtitle\":\"Website f\\u00fcr eine Rock-Band\",\"project_text\":\"Dies ist nur ein sinnloser Dummy-Text ... wobei, nicht ganz: Man k\\u00f6nnte in der Projekt-Detailansicht, in der Du gerade liest, noch leicht weitere Optionen erg\\u00e4nzen, um z.B. Text in mehreren Spalten zu setzen, die Spaltenbreiten von Bild und Text zu modifizieren, das derzeit eine Bild zu einer Bildergalerie zu erweitern, und vieles mehr.\\r\\n\\r\\nWie w\\u00e4r\'s?\"},{\"REX_MEDIA_1\":\"oven.jpg\",\"project_title\":\"Cozy Retreat\",\"project_subtitle\":\"Innenraum-Gestaltung einer Blockh\\u00fctte\",\"project_text\":\"Dies ist nur ein sinnloser Dummy-Text ... wobei, nicht ganz: Man k\\u00f6nnte in der Projekt-Detailansicht, in der Du gerade liest, noch leicht weitere Optionen erg\\u00e4nzen, um z.B. Text in mehreren Spalten zu setzen, die Spaltenbreiten von Bild und Text zu modifizieren, das derzeit eine Bild zu einer Bildergalerie zu erweitern, und vieles mehr.\\r\\n\\r\\nWie w\\u00e4r\'s?\"}]','','','','','','','','1','','','','','','','','','','','','','','','','','','','','','','','','','','','','','','','','','','','','','','','','','','','2017-10-20 11:02:00','admin','2018-01-06 07:53:47','admin'),
  (53,12,1,1,3,0,2,1,'Alles ist fertig:','Es muss nur noch gemacht werden','Auf dieser fiktiven Agentur-Website würde man sich üblicherweise möglichst hip und nerdig darstellen: was für schicke Räumlichkeiten man hat, welch große Kunden man schon betreut hat, und so weiter ...\r\n\r\nStattdessen soll hier aber erklärt werden, wie man von dem Onepage-Grundgerüst auf eine Multipage-Website wechseln kann.','columns','pic-fullwidth','$path = rex_article::getCurrent()->getPathAsArray();\r\n\r\n// Für eine Navigation mit nur einer Ebene wird nur das erste Element des Arrays benötigt,\r\n// also die ID der obersten Elternkategorie.\r\n$path0 = ((!empty($path[0])) ? $path[0] : \'\');\r\n\r\n$home = rex_category::get($path0);\r\n$children = $home->getChildren();\r\n\r\nif (is_array($children)) {\r\n	echo \'<ul class=\"nav navbar-nav\">\';\r\n\r\n		Der Home-Artikel wird in die Navigation eingefügt\r\n		$home_article = rex_article::get($path0);\r\n		echo \'<li><a\'.$active.\' href=\"\'.$home_article->getUrl().\'\">\'.$home_article->getName().\'</a></li>\';\r\n\r\n		// Die weiteren Unterkategorien werden ausgelesen\r\n		if (is_array($children)) {\r\n			foreach ($children as $child) {\r\n				// Nur wenn Kategorie online\r\n				if ($child->isOnline()) {\r\n					echo \'<li><a\'.$active.\' href=\"\'.rex_getUrl($child->getId()).\'\">\'.$child->getName().\'</a></li>\';\r\n				}\r\n			}\r\n		}\r\n\r\n	echo \'</ul>\';\r\n}','','','','','','','','','','','','1','','','office.jpg','','','','','','','','','','','','','','','','','','','','','','','','','','','','','','','','','','','','','','','','2017-10-20 11:11:37','admin','2017-11-26 07:03:12','admin'),
  (55,12,1,1,6,0,3,1,'','Bereit für einen kleinen Rundgang?','Lies mehr über ...\r\n\r\n\"(button)... unsere Agentur (Leistungen)\":redaxo://13','','','','','','','','','','','','','','','','','','coffee.jpg','','','','','','','','','','','','','','','','','','','','','','','','','','','','','','','','','','','','','','','','2017-10-21 16:53:13','admin','2017-10-23 10:53:07','admin'),
  (56,13,1,1,8,0,3,1,'Das sind wir','Seit mehr 10 Jahren ein Team','Besonders gern arbeiten wir mit dem CMS REDAXO, da es extrem flexibel ist und dadurch geeignet für alle unsere Projekte. Unsere Kunden schätzen, dass das sich das Backend sehr gut anpassen lässt und sie ihre Website dadurch schnell und einfach bedienen können.','','4','','','','','','','','','','','','','1','','','','','','','','','','','','','nicole.jpg,sarah.jpg,fritz.jpg,barack.jpg','','','','','','','','','','','','','','','','','','','','','','','','','','','','','','2017-10-21 17:12:31','admin','2018-04-07 15:27:16','admin'),
  (57,14,1,1,4,0,2,1,'pe-7s-photo','Kommunikationsdesign','Wir gestalten. Es fängt an mit der visuellen Identität eines Unternehmens. Diese muss konsistent, einzigartig und logisch nachvollziehbar sein.','pe-7s-browser','Webentwicklung','Der heutige Webauftritt hat mit der \"Homepage\" vor 20 Jahren nichts mehr gemeinsam. Es ist wichtig, Entwicklungen im Internet mitzuverfolgen und zu gestalten.','pe-7s-albums','Drucksachen aller Art','Flyer, Visitenkarten, Bücher, Plakatwände – es gibt fast nichts, was wir nicht schon gemacht haben. Und noch machen wollen. Testen Sie uns einfach!','','','','','','3','','','','','','','','','','','','','','','','','','','','','','','','','','','','','','','','','','','','','','','','','','','','','','2017-10-21 17:18:47','admin','2017-12-04 07:30:32','admin'),
  (58,24,1,1,11,0,1,1,'* \"Impressum (Impressum)\":redaxo://10\r\n* \"Redaxo Doku\":https://redaxo.org/doku/master','© 2016 – ###year### REDAXO Open Source CMS','','','black','','','','','','','','','','','','','','','','','','','','','','','','','','','','','','','','','','','','','','','','','','','','','','','','','','','','','','','','2017-10-23 08:10:00','admin','2017-10-23 10:48:46','admin'),
  (59,12,1,1,12,0,4,1,'','','','','','','','','','','','','','','','','','','','','','','','','','','','','','','','','','','','','','','','','24','','','','','','','','','','','','','','','','','','','','2017-10-23 10:36:06','admin','2017-10-23 10:36:06','admin'),
  (60,14,1,1,6,0,6,1,'','Was bisher geschah','Lies mehr über ...\r\n\r\n\"(button)... Unsere Referenzen (Referenzen)\":redaxo://15','','','','','','','','','','','','','','','','','','conference_room.jpg','','','','','','','','','','','','','','','','','','','','','','','','','','','','','','','','','','','','','','','','2017-10-23 10:55:06','admin','2017-10-23 22:33:15','admin'),
  (61,13,1,1,6,0,4,1,'','Was wir tun','Lies mehr über ...\r\n\r\n\"(button)... Unsere Leistungen (Leistungen)\":redaxo://14','','','','','','','','','','','','','','','','','','code_white.jpg','','','','','','','','','','','','','','','','','','','','','','','','','','','','','','','','','','','','','','','','2017-10-23 10:56:23','admin','2017-10-23 22:32:44','admin'),
  (62,14,1,1,12,0,7,1,'','','','','','','','','','','','','','','','','','','','','','','','','','','','','','','','','','','','','','','','','24','','','','','','','','','','','','','','','','','','','','2017-10-23 11:00:50','admin','2017-10-23 11:00:50','admin'),
  (63,13,1,1,12,0,5,1,'','','','','','','','','','','','','','','','','','','','','','','','','','','','','','','','','','','','','','','','','24','','','','','','','','','','','','','','','','','','','','2017-10-23 11:01:16','admin','2017-10-23 11:01:16','admin'),
  (64,15,1,1,12,0,5,1,'','','','','','','','','','','','','','','','','','','','','','','','','','','','','','','','','','','','','','','','','24','','','','','','','','','','','','','','','','','','','','2017-10-23 11:01:38','admin','2017-10-23 11:01:38','admin'),
  (65,15,1,1,6,0,4,1,'','Neugierig geworden?','Dann schreib uns ...\r\n\r\n<a class=\"button\" href=\"mailto:hello@fiktive-domain.de?subject=Nachricht via Website&body=Hej, ich möchte mit Euch arbeiten!\">... eine Mail!</a>','','','','','','','','','','','','','','','','','','table.jpg','','','','','','','','','','','','','','','','','','','','','','','','','','','','','','','','','','','','','','','','2017-10-23 11:16:39','admin','2017-10-23 11:18:44','admin'),
  (68,25,1,1,11,0,1,1,'* \"Redaxo Website\":https://redaxo.org/\r\n* \"Redaxo Doku\":https://redaxo.org/doku/master\r\n* \"Friends Of Redaxo\":https://github.com/FriendsOfREDAXO','© 2016 – ###year### REDAXO Open Source CMS','','','gray','','','','','','','','','','','','','','','','','','','','','','','','','','','','','','','','','','','','','','','','','','','','','','10,11','','','','','','','','','','2017-11-26 08:14:40','admin','2017-11-26 08:14:40','admin'),
  (69,23,1,1,6,0,2,1,'','REDAXO ist Zen','In der Versunkenheit des Zen sind alle dualistischen Unterscheidungen wie Ich und Du, wahr und falsch, Artikel und Kategorie, online und offline aufgehoben. Das \"Zazen\", das Sitzen in Versunkenheit, stellt den direktesten Weg zur Erleuchtung dar.','','','','','','','','','','','','','','','','','','have_a_break.jpg','','','','','','','','','','','','','','','','','','','','','','','','','','','','','','','','','','','','','','','','2017-11-26 16:20:21','admin','2018-01-02 01:09:42','admin'),
  (70,13,1,1,3,0,2,1,'Tipp','Backend stylen','Hin und wieder möchte man projektspezifisch Modulfelder oder andere Elemente im Redaxo-Backend per CSS verändern oder z.B. zusätzliche Javascripte laden. \r\n\r\nEs bietet sich an, dafür das »project-addon« zu verwenden – ein Ablageort für Website-spezifische Assets, Funktionen, Klassen, Fragmente, etc.\r\n\r\nIn dieser Demo wurde aber der Demo-AddOn-Ordner als Ablageort gewählt, um die Zahl der Pflicht-AddOns möglichst gering zu halten. Wie auch immer – im Addon-Ordner liegt unter @assets/css@ eine @onepage.css@, die die Modul-Ein- und -ausgaben ein wenig optimiert.\r\nBei Installation des AddOns wird das CSS-Asset in den öffentlichen Assets-Ordner kopiert und von dort geladen, wenn man in der @boot.php@ des AddOns Folgendes notiert:','columns','pic-fullwidth','<?php\r\nif (rex::isBackend()) {\r\n	rex_view::addCssFile($this->getAssetsUrl(\'css/onepage.css\'));\r\n}\r\n','','','','','','','','','','','','1','','','desktop.jpg','','','','','','','','','','','','','','','','','','','','','','','','','','','','','','','','','','','','','','','','2017-12-04 06:22:09','admin','2017-12-04 07:22:34','admin'),
  (71,14,1,1,3,0,3,1,'Tipp 1','Code wieder verwenden mit Fragmenten','In dieser Demo gibt es gibt es einen Intro-Block, bestehend aus Überschrift, Unterüberschrift und Einleitungstext, der in fast allen Module identisch vorkommt. Fragmente bieten eine Möglichkeit, den verwendeten Code nur an einer Stelle zu verwalten und ihn mehrfach zu verwenden – besonders sinnvoll für HTML-Markup.\r\n\r\nIm Fragmente-Ordner des Demo-AddOns – in einem normalen Projekt würde man stattdessen das project-AddOn als Ablageort wählen – liegt die Datei @introblock.php@. In dieser Datei wird das Fragment für die Moduleingabe des gesamten Introblocks abgelegt. Wird eine dynamische Ersetzung benötigt, ist die Übergabe von Variablen mögich, wie z.B. @$his->intro@. Der Code in der Introblock-PHP-Datei sieht im Beispiel eines Felds inklusive HTML-Markup in der Bootstrap-Syntax dann so aus:','columns','pic-fullwidth','<fieldset class=\"form-horizontal distance\">\r\n	<legend>Text</legend>\r\n	<div class=\"form-group\">\r\n		<label class=\"col-sm-2 control-label\" for=\"small-headline\">Intro</label>\r\n		<div class=\"col-sm-10\">\r\n			<input class=\"form-control\" id=\"small-headline\" type=\"text\" name=\"REX_INPUT_VALUE[1]\" value=\"<?= $this->intro ?>\" />\r\n		</div>\r\n	</div>\r\n</fieldset','','','','','','','','','','','','1','','','code_roomcheck.jpg','','','','','','','','','','','','','','','','','','','','','','','','','','','','','','','','','','','','','','','','2017-12-04 07:29:08','admin','2018-04-13 13:29:23','admin'),
  (72,14,1,1,3,0,4,1,'','Fragment-Aufruf im Modul','Der Aufruf dieses Fragments im Modul ist simpel:\r\nHier wird die Variable @intro@ definiert und die Fragment-Datei aufgerufen.\r\n\r\nDie Demo benutzt nur im Modul-Input ein Fragment.\r\nEbenso wäre es natürlich möglich, im Output ebenfalls mit Fragmenten zu arbeiten.','columns','two-pics','<?php\r\n$fragment = new rex_fragment();\r\n$fragment->setVar(\'intro\',REX_VALUE[1]);\r\necho $fragment->parse(\'introblock.php\');\r\n?>','','','','','','','','','','','','1','','','','','','','','','','','','','','','','','','','','','','','','','','','','','','','','','','','','','','','','','','','2017-12-04 12:54:16','admin','2018-04-07 15:28:44','admin'),
  (74,1,1,1,3,0,8,1,'Moment mal ...','... ich brauch\' doch nur eine Demo!','Stimmt. Du hast die Qual der Wahl. Wenn Du diese Demo als Basis für eine eigene Website verwenden willst, dann suche Dir eines der drei Prinzipien aus, das Dir am besten erscheint.\r\n\r\nAm besten ist es vermutlich, Du nutzt nur die Module und baust Dir Deine Website neu auf durch das Anlegen eigener Artikel. Willst Du jedoch lieber eine der Demos direkt für ein eigenes Projekt verwenden, so empfiehlt sich:\r\n\r\n* die nicht benötigten Kategorien der anderen Demos löschen\r\n* den Artikel Deiner gewählten Demo zum Startartikel machen, unter @System, Startartikel@\r\n* dort auch sicherheitshalber den Cache löschen\r\n* Und bevor Du ins Kanu steigst und Dich auf den Weg machst: Leg\' noch einen Scheit Holz nach.','columns','pic-fullwidth','','','','','','','','','','','','','1','','','oven.jpg','','','','','','','','','','','','','','','','','','','','','','','','','','','','','','','','','','','','','','','','2018-01-02 16:10:34','admin','2018-04-12 10:30:11','admin'),
  (75,17,1,1,4,0,1,1,'','Viele Optionen in einem Modul?','Auch wenn man versucht, Module für jede Website individuell zu erstellen und möglichst simpel zu halten, so wird man manche durchaus umfangreicher aufbauen wollen. Schließlich möchte man für unterschiedliche, aber vom Prinzip her ähnliche Komponenten nicht lauter Einzel-Module haben, sondern lieber die Optionen in einem Modul zusammenfassen.','','Hintergrund-Bild, Video, Overlays','Zum Beispiel: Im Header-Modul, das sich sich auf 100% Breite und Höhe des Viewports skaliert und sich damit ideal für den Beginn einer Seite eignet (aber nicht nur dafür), kannst Du als Hintergrund ein Foto oder ein Video wählen. Diesen Hintergrund kannst Du mit einer Farbe oder einem Farbverlauf überlagern und die Deckkraft festlegen. Optional kannst Du auch noch eine Partikel-Animation wählen oder einen Scroll-Pfeil aktivieren.','','Bedienbarkeit der Module optimieren','Oftmals möchte man bestimmte Felder nur je nach gewählten Optionen anbieten. Da sich in REDAXO CSS- und JS-Anweisungen direkt in die Ein- oder Ausgabe-Code der Module schreiben lässt, sind der Phantasie für derlei User Interface-Optimierungen keine Grenzen gesetzt. Einige der Module zeigen Beispiele für solche Abhängigkeiten.','','','','','','3','Zum Beispiel:','Das Header-Modul','','','','','','','','','','','','','','','','','','','','','','','','','','','','','','','','','','','','','','','','','','','','2018-01-05 16:16:13','admin','2018-01-05 16:21:15','admin'),
  (77,14,1,1,3,0,5,1,'','','Ein anderer Weg für die wiederkehrenden Ausgabe-Code wäre es, analog zu REX_VALUE[] eigene Redaxo-Variablen zu definieren.\r\n\r\nHinweise zum Vorgehen findet man \"in der Redaxo-Dokumentation.\":https://redaxo.org/doku/master/redaxo-variablen#eigene-Variablen','','two-pics','','','','','','','','','','','','','','','','','','','','','','','','','','','','','','','','','','','','','','','','','','','','','','','','','','','','','','','','2018-04-07 15:30:58','admin','2018-04-07 15:32:22','admin'),
  (78,15,1,1,3,0,2,1,'Combine und Minify','CSS und JS','Die in dieser Demo verwendeten CSS- und Javascript-Dateien liegen jeweils in eigenen Unterordnern innerhalb des Ordners **resources**. Dies ist aber kein Muss, sondern kann auch anders organisiert werden.\r\n\r\nh3. CSS\r\n\r\nIn der Datei **plugins.min.scss** werden folgende Scripts zusammengefasst, minifiziert und dann in einer neuen Datei **plugins.min.css** gespeichert:\r\n\r\n* bootstrap.css\r\n* fonts.css\r\n* jquery.bxslider.css\r\n* prettify.css\r\n* pe-icon-7-stroke.css\r\n\r\nDas für diese Demo individuelle CSS wird in der Datei **website.scss** verwaltet. Da die Demo verschiedene Farbschema bereithält, das über ein Kategorie-Metafeld zugwiesen werden kann, gibt es für jede Farbe eine weitere scss-Datei, die Primärfarbe definiert und mittels der website.scss dann die einzelnen CSS-Dateien kompiliert:\r\n\r\nbc. $primary: #c5a47e;\r\n@import \"website.scss\";\r\n\r\nEigene CSS-Änderungen sollten also am besten in der website.scss durchgeführt; weitere Farbvarianten lassen sich leicht erstellen, indem man eine der Farb-scss-Dateien kopiert.\r\n\r\nh3. Javascript\r\n\r\nAuch die Javascripte werden in eine Datei zusammengefasst und minifiziert. In **plugins.js** werden folgende JS-Datei eingebunden und in die Datei **plugins.min.js** geschrieben:\r\n\r\n* bootstrap.js\r\n* gsdk-bootstrapswitch.js\r\n* jquery.bxslider.js\r\n* jquery.waypoints.min.js\r\n* modernizr.js\r\n* prettify.js\r\n\r\nDie eigenen Javascripte für diese Demo finden sich in **demo.js** – diese wurde nicht mit kompliliert, weil man so einzelne Aufrufe leichter analysieren und weitere ergänzen kann.\r\n\r\nbq. *Hinweis:* Bei der Erstellung der Demo wurde zum Zusammenfassen, Minifizieren und Kompilieren die App \"Codekit\":https://codekitapp.com/ verwendet, es kann aber natürlich jeder beliebige andere SCSS-Compiler genutzt werden.','columns','two-pics','','','','','','','','','','','','','','','','','','','','','','','','','','','','','','','','','','','','','','','','','','','','','','','','','','','','','','','','2018-04-12 09:31:20','admin','2018-04-12 10:05:49','admin'),
  (79,1,1,1,7,0,9,1,'Die unten aufgeführte AddOns werden bei der Installation der Demo automatisch herunter geladen und installiert','AddOns der Demo','','','3','','','','quotes','[{\"quote\":\"F\\u00fcr die Text-Formatierung wird Textile verwendet, Befels-Referenzen \\\"hier\\\":https:\\/\\/txstyle.org\\/ oder \\\"hier\\\":http:\\/\\/redcloth.org\\/hobix.com\\/textile\\/. Textile ist in Redaxo standardm\\u00e4\\u00dfig vorhanden.\\r\\n\\r\\nDas Markitup-AddOn f\\u00fcgt dem Textfeld eine Icon-Leiste hinzu, um Textile-Formatierungen leichter hinzuf\\u00fcgen zu k\\u00f6nnen.\",\"name\":\"Markitup\",\"REX_MEDIA_1\":\"\"},{\"quote\":\"Dan MBlock sind \\\"Sub-Module\\\", also quasi Module in Modulen m\\u00f6glich. Das AddOn leistet unsch\\u00e4tzbare Hilfe z.B. bei Funktionen wie Tabs, Akkordeons oder \\u2013 wie konkret hier in diesem Modul \\u2013 Kundenstimmen.\",\"name\":\"Mblock\",\"REX_MEDIA_1\":\"\"},{\"quote\":\"Das Developer-AddOn erm\\u00f6glicht ein Datei-basiertes Editieren der Module und Templates. Auch wenn diese Funktion f\\u00fcr die Demo eigentlich nicht zwingend n\\u00f6tig ist, sollte das Developer-AddOn in keiner REDAXO-Installation fehlen.\",\"name\":\"Developer\",\"REX_MEDIA_1\":\"\"},{\"quote\":\"Das Customizer-Plugin ist im AddOn **be_style** zu finden. Damit ist es u.a. m\\u00f6glich, eine Syntax-Hervorhebung in den Modul- und Template-Eingabefeldern zu aktivieren. Also auch nicht zwingend f\\u00fcr die Demo erforderich, aber praktisch :-)\",\"name\":\"Customizer\",\"REX_MEDIA_1\":\"\"},{\"quote\":\"F\\u00fcr diese Demo wurden eine CSS-Erweiterung f\\u00fcr das Backend sowie ein Fragment in den Modulen verwendet. \\u00dcblicherweise w\\u00fcrde man solche Dateien am besten im **project-AddOn** ablegen, aber hier lag es nahe, diese Komponenten direkt im Demo-AddOn selbst abzulegen. Dieses AddOn muss also installiert sein.\",\"name\":\"Demo-AddOn\",\"REX_MEDIA_1\":\"\"}]','','','','','','','','','1','','','','','','','','','','','','','','','','','','','','','','','','','','','','','','','','','','','','','','','','','','2018-04-12 10:09:41','admin','2018-04-12 17:06:29','admin'),
  (80,1,1,1,1,0,7,1,'Verwendete AddOns','addons','','','','','','','','','','','','','','','','','','','','','','','','','','','','','','','','','','','','','','','','','','','','','','','','','','','','','','','','','','','2018-04-12 10:29:11','admin','2018-04-12 10:29:11','admin');
/*!40000 ALTER TABLE `rex_article_slice` ENABLE KEYS */;
UNLOCK TABLES;

DROP TABLE IF EXISTS `rex_clang`;
CREATE TABLE `rex_clang` (
  `id` int unsigned NOT NULL AUTO_INCREMENT,
  `code` varchar(255) NOT NULL,
  `name` varchar(255) NOT NULL,
  `priority` int unsigned NOT NULL,
  `status` tinyint(1) NOT NULL,
  `revision` int unsigned NOT NULL,
  `clang_facebook` text,
  `clang_twitter` text,
  `clang_slack` text,
  PRIMARY KEY (`id`)
) ENGINE=InnoDB AUTO_INCREMENT=2 DEFAULT CHARSET=utf8mb3;

LOCK TABLES `rex_clang` WRITE;
/*!40000 ALTER TABLE `rex_clang` DISABLE KEYS */;
INSERT INTO `rex_clang` VALUES 
  (1,'de','deutsch',1,1,0,'https://www.facebook.com/REDAXO/','https://twitter.com/redaxo','https://redaxo.org/slack/');
/*!40000 ALTER TABLE `rex_clang` ENABLE KEYS */;
UNLOCK TABLES;

DROP TABLE IF EXISTS `rex_config`;
CREATE TABLE `rex_config` (
  `namespace` varchar(75) NOT NULL,
  `key` varchar(255) NOT NULL,
  `value` text NOT NULL,
  PRIMARY KEY (`namespace`,`key`)
) ENGINE=InnoDB DEFAULT CHARSET=utf8mb3;

LOCK TABLES `rex_config` WRITE;
/*!40000 ALTER TABLE `rex_config` DISABLE KEYS */;
INSERT INTO `rex_config` VALUES 
  ('be_style/customizer','codemirror','1'),
  ('be_style/customizer','codemirror-langs','0'),
  ('be_style/customizer','codemirror-options','\"\"'),
  ('be_style/customizer','codemirror-selectors','\"\"'),
  ('be_style/customizer','codemirror-tools','0'),
  ('be_style/customizer','codemirror_darktheme','\"dracula\"'),
  ('be_style/customizer','codemirror_theme','\"eclipse\"'),
  ('be_style/customizer','labelcolor','\"#43a047\"'),
  ('be_style/customizer','showlink','1'),
  ('core','package-config','{\"backup\":{\"install\":true,\"status\":true},\"be_style\":{\"install\":true,\"status\":true,\"plugins\":{\"customizer\":{\"install\":true,\"status\":true},\"redaxo\":{\"install\":true,\"status\":true}}},\"cronjob\":{\"install\":false,\"status\":false,\"plugins\":{\"article_status\":{\"install\":false,\"status\":false},\"optimize_tables\":{\"install\":false,\"status\":false}}},\"debug\":{\"install\":false,\"status\":false},\"demo_onepage\":{\"install\":true,\"status\":true},\"developer\":{\"install\":true,\"status\":true},\"install\":{\"install\":true,\"status\":true},\"markitup\":{\"install\":true,\"status\":true,\"plugins\":{\"documentation\":{\"install\":false,\"status\":false}}},\"mblock\":{\"install\":true,\"status\":true},\"media_manager\":{\"install\":true,\"status\":true},\"mediapool\":{\"install\":true,\"status\":true},\"metainfo\":{\"install\":true,\"status\":true},\"phpmailer\":{\"install\":false,\"status\":false},\"project\":{\"install\":true,\"status\":true},\"structure\":{\"install\":true,\"status\":true,\"plugins\":{\"content\":{\"install\":true,\"status\":true},\"history\":{\"install\":false,\"status\":false},\"version\":{\"install\":false,\"status\":false}}},\"users\":{\"install\":true,\"status\":true}}'),
  ('core','package-order','[\"be_style\",\"be_style\\/customizer\",\"be_style\\/redaxo\",\"users\",\"backup\",\"developer\",\"install\",\"markitup\",\"mblock\",\"media_manager\",\"mediapool\",\"structure\",\"metainfo\",\"structure\\/content\",\"demo_onepage\",\"project\"]'),
  ('core','version','\"5.10.0\"'),
  ('developer','actions','true'),
  ('developer','delete','true'),
  ('developer','dir_suffix','false'),
  ('developer','items','{\"templates\":{\"1\":1522903479,\"2\":1556875998,\"3\":1581107790,\"4\":1581106535,\"5\":1522903482,\"6\":1522903483,\"7\":1522903484,\"8\":1556875967},\"modules\":{\"1\":1556874797,\"2\":1556876149,\"3\":1556876162,\"4\":1556882196,\"5\":1523461607,\"6\":1523446808,\"7\":1523716828,\"8\":1523462207,\"9\":1523461669,\"10\":1523455079,\"11\":1523455015,\"12\":1522903477}}'),
  ('developer','modules','true'),
  ('developer','prefix','true'),
  ('developer','rename','true'),
  ('developer','sync_backend','true'),
  ('developer','sync_frontend','true'),
  ('developer','templates','true'),
  ('developer','umlauts','false'),
  ('mblock','mblock_delete','1'),
  ('mblock','mblock_delete_confirm','1'),
  ('mblock','mblock_scroll','1'),
  ('mblock','mblock_theme','\"default_theme\"'),
  ('media_manager','interlace','[\"jpg\"]'),
  ('media_manager','jpg_quality','85'),
  ('media_manager','png_compression','5'),
  ('media_manager','webp_quality','85');
/*!40000 ALTER TABLE `rex_config` ENABLE KEYS */;
UNLOCK TABLES;

DROP TABLE IF EXISTS `rex_markitup_profiles`;
CREATE TABLE `rex_markitup_profiles` (
  `id` int unsigned NOT NULL AUTO_INCREMENT,
  `name` varchar(30) NOT NULL DEFAULT '',
  `description` varchar(255) NOT NULL DEFAULT '',
  `urltype` varchar(50) NOT NULL,
  `minheight` smallint unsigned NOT NULL,
  `maxheight` smallint unsigned NOT NULL,
  `type` varchar(50) NOT NULL,
  `markitup_buttons` text NOT NULL,
  PRIMARY KEY (`id`)
) ENGINE=InnoDB AUTO_INCREMENT=3 DEFAULT CHARSET=utf8mb3;

LOCK TABLES `rex_markitup_profiles` WRITE;
/*!40000 ALTER TABLE `rex_markitup_profiles` DISABLE KEYS */;
INSERT INTO `rex_markitup_profiles` VALUES 
  (1,'textile_full','Standard MarkItUp-Konfiguration','relative',300,800,'textile','heading1,heading2,heading3,bold,italic,quote,unorderedlist,orderedlist,sub,sup,table,grouplink[file|internal|external|mailto]'),
  (2,'markdown_full','Standard MarkItUp-Konfiguration','relative',300,800,'markdown','bold,code,clips[Snippetname1=Snippettext1|Snippetname2=Snippettext2],deleted,emaillink,externallink,groupheading[1|2|3|4|5|6],grouplink[file|internal|external|mailto],heading1,heading2,heading3,heading4,heading5,heading6,internallink,italic,media,medialink,orderedlist,paragraph,quote,sub,sup,table,underline,unorderedlist');
/*!40000 ALTER TABLE `rex_markitup_profiles` ENABLE KEYS */;
UNLOCK TABLES;

DROP TABLE IF EXISTS `rex_markitup_snippets`;
CREATE TABLE `rex_markitup_snippets` (
  `id` int unsigned NOT NULL AUTO_INCREMENT,
  `name` varchar(30) NOT NULL,
  `lang` varchar(30) NOT NULL,
  `description` text NOT NULL,
  `content` text NOT NULL,
  PRIMARY KEY (`id`)
) ENGINE=InnoDB DEFAULT CHARSET=utf8mb3;
DROP TABLE IF EXISTS `rex_mblock_rexform_demo`;
CREATE TABLE `rex_mblock_rexform_demo` (
  `id` int NOT NULL AUTO_INCREMENT,
  `status` int DEFAULT '1',
  `name` text NOT NULL,
  `mblock_field` text NOT NULL,
  `createdate` datetime DEFAULT NULL,
  `updatedate` datetime DEFAULT NULL,
  `createuser` varchar(255) NOT NULL,
  `updateuser` varchar(255) NOT NULL,
  PRIMARY KEY (`id`)
) ENGINE=MyISAM DEFAULT CHARSET=utf8mb3;
DROP TABLE IF EXISTS `rex_media`;
CREATE TABLE `rex_media` (
  `id` int unsigned NOT NULL AUTO_INCREMENT,
  `category_id` int unsigned NOT NULL,
  `attributes` text,
  `filetype` varchar(255) DEFAULT NULL,
  `filename` varchar(255) DEFAULT NULL,
  `originalname` varchar(255) DEFAULT NULL,
  `filesize` varchar(255) DEFAULT NULL,
  `width` int unsigned DEFAULT NULL,
  `height` int unsigned DEFAULT NULL,
  `title` varchar(255) DEFAULT NULL,
  `createdate` datetime NOT NULL,
  `revision` int unsigned NOT NULL,
  `createuser` varchar(255) NOT NULL,
  `updatedate` datetime NOT NULL,
  `updateuser` varchar(255) NOT NULL,
  `med_position` text,
  `med_link` text,
  `med_hover` varchar(255) DEFAULT '',
  PRIMARY KEY (`id`),
  UNIQUE KEY `filename` (`filename`),
  KEY `category_id` (`category_id`)
) ENGINE=InnoDB AUTO_INCREMENT=52 DEFAULT CHARSET=utf8mb3;

LOCK TABLES `rex_media` WRITE;
/*!40000 ALTER TABLE `rex_media` DISABLE KEYS */;
INSERT INTO `rex_media` VALUES 
  (1,2,'','video/mp4','huskyfarm.mp4','huskyfarm.mp4','3058987',0,0,'Svalbard expedition','2017-08-02 12:38:54',0,'admin','2017-09-20 07:07:33','admin','','',''),
  (3,6,'','image/jpeg','guitar_bw.jpg','guitar_bw.jpg','47339',2000,1317,'Guitar black-white','2017-08-02 12:38:54',0,'admin','2017-09-23 13:57:24','admin','','',''),
  (4,6,'','image/jpeg','looking_back.jpg','looking_back.jpg','72092',2000,1333,'Looking back','2017-08-02 12:38:54',0,'admin','2017-09-23 13:57:24','admin','','',''),
  (5,6,'','image/jpeg','pedalboard.jpg','pedalboard.jpg','129117',2000,1334,'Pedalboard','2017-08-02 12:38:54',0,'admin','2017-09-23 14:15:16','admin','','',''),
  (6,1,'','image/jpeg','pool.jpg','pool.jpg','92353',1800,1200,'Pool','2017-08-02 12:38:54',0,'admin','2017-09-23 13:55:59','admin','','',''),
  (7,1,'','image/jpeg','road.jpg','road.jpg','239183',1800,1197,'Road','2017-08-02 12:38:54',0,'admin','2017-09-23 13:56:14','admin','','',''),
  (8,1,'','image/jpeg','snow_canoe.jpg','snow_canoe.jpg','85907',1800,1200,'Snow Canoe','2017-08-02 12:38:55',0,'admin','2017-09-23 13:56:27','admin','','',''),
  (9,6,'','image/jpeg','pray_bw.jpg','pray_bw.jpg','82576',2000,1333,'Pray for a cloudy day','2017-08-02 12:38:55',0,'admin','2017-09-23 18:29:02','admin','','',''),
  (10,6,'','image/jpeg','singer_stars.jpg','singer_stars.jpg','70553',2000,1333,'Singer Stars','2017-08-02 12:38:55',0,'admin','2017-09-23 18:28:54','admin','','',''),
  (11,1,'','image/jpeg','swimmer.jpg','swimmer.jpg','78637',1800,1200,'Swimmer','2017-08-02 12:38:55',0,'admin','2017-09-23 13:58:19','admin','','',''),
  (12,6,'','image/jpeg','stage.jpg','stage.jpg','207806',2000,1503,'Stage','2017-08-02 12:38:55',0,'admin','2017-09-23 14:12:14','admin','','',''),
  (13,3,'','image/jpeg','barack.jpg','barack.jpg','4051',128,128,'Barack','2017-08-14 11:13:10',0,'admin','2017-12-03 11:44:43','admin','Backend Entwickler','',''),
  (14,3,'','image/jpeg','samantha.jpg','samantha.jpg','5093',128,128,'Samantha','2017-08-14 11:15:04',0,'admin','2017-12-03 11:50:36','admin','Gesang','',''),
  (15,3,'','image/jpeg','fritz.jpg','fritz.jpg','5081',128,128,'Fritz','2017-08-14 11:15:33',0,'admin','2017-12-03 11:44:31','admin','Frontend Entwickler','',''),
  (16,3,'','image/jpeg','sarah.jpg','sarah.jpg','3767',128,128,'Sarah','2017-08-14 11:16:12',0,'admin','2017-12-03 11:45:16','admin','Projektmanagement','',''),
  (17,3,'','image/jpeg','nicole.jpg','nicole.jpg','7522',128,128,'Nicole','2017-08-14 11:17:15',0,'admin','2017-12-03 11:45:00','admin','Kommunikationsdesign','',''),
  (18,3,'','image/jpeg','mike.jpg','mike.jpg','4965',128,128,'Mike','2017-08-14 11:17:34',0,'admin','2017-12-03 11:51:33','admin','Bass / Gesang','',''),
  (19,4,'','image/svg+xml','logo_slack.svg','logo_slack.svg','6961',0,0,'Redaxo Slack','2017-08-31 17:23:30',0,'admin','2017-09-06 17:37:23','admin','','https://redaxo.org/forum/','logo_slack_hover.svg'),
  (20,5,'','image/svg+xml','logo_slack_hover.svg','logo_slack_hover.svg','6961',0,0,'Redaxo Slack Hover','2017-08-31 17:23:47',0,'admin','2017-09-06 17:36:52','admin','','',''),
  (21,4,'','image/svg+xml','logo_redaxo.svg','logo_redaxo.svg','4289',0,0,'Redaxo','2017-08-31 17:24:29',0,'admin','2017-09-06 17:34:01','admin','','http://redaxo.org','logo_redaxo_hover.svg'),
  (22,5,'','image/svg+xml','logo_redaxo_hover.svg','logo_redaxo_hover.svg','4289',0,0,'Redaxo Hover','2017-08-31 17:25:13',0,'admin','2017-09-06 17:34:12','admin','','',''),
  (23,4,'','image/svg+xml','logo_for.svg','logo_for.svg','16385',0,0,'Redaxo FOR','2017-08-31 17:26:07',0,'admin','2017-09-06 17:44:55','admin','','https://github.com/FriendsOfREDAXO','logo_for_hover.svg'),
  (24,5,'','image/svg+xml','logo_for_hover.svg','logo_for_hover.svg','16385',0,0,'Redaxo FOR','2017-08-31 17:26:31',0,'admin','2017-09-06 17:48:47','admin','','','logo_for_hover.svg'),
  (25,1,'','image/jpeg','have_a_break.jpg','have_a_break.jpg','98395',2000,1500,'Have a break','2017-09-06 11:53:24',0,'admin','2017-09-23 13:58:33','admin','','',''),
  (26,1,'','image/jpeg','hiker.jpg','hiker.jpg','134580',2000,1333,'Hiker','2017-09-06 11:54:36',0,'admin','2017-09-23 14:12:38','admin','','',''),
  (27,1,'','image/jpeg','view.jpg','view.jpg','255171',2000,1336,'View','2017-09-06 11:55:12',0,'admin','2017-09-23 14:12:53','admin','','',''),
  (28,1,'','image/jpeg','icebear.jpg','icebear.jpg','89732',2000,1333,'Icebear','2017-09-06 11:55:51',0,'admin','2017-09-23 14:13:17','admin','','',''),
  (29,7,'','image/jpeg','code_html.jpg','code_html.jpg','83239',2000,1333,'Code HTML','2017-09-23 14:24:21',0,'admin','2017-09-23 14:24:54','admin','','',''),
  (30,7,'','image/jpeg','code_roomcheck.jpg','code_roomcheck.jpg','104385',2000,1333,'Code Roomcheck','2017-09-23 14:24:21',0,'admin','2017-09-23 14:25:26','admin','','',''),
  (31,7,'','image/jpeg','code_white.jpg','code_white.jpg','96937',2000,1333,'Code White BG','2017-09-23 14:24:21',0,'admin','2017-09-23 14:25:05','admin','','',''),
  (32,7,'','image/jpeg','coffee.jpg','coffee.jpg','161769',2000,1333,'Coffee','2017-09-23 14:24:21',0,'admin','2017-09-23 14:25:35','admin','','',''),
  (33,7,'','image/jpeg','conference_room.jpg','conference_room.jpg','206393',2000,1333,'Conference Room','2017-09-23 14:24:21',0,'admin','2017-09-23 14:25:16','admin','','',''),
  (34,7,'','image/jpeg','desktop.jpg','desktop.jpg','149473',2000,1331,'Desktop','2017-09-23 14:24:21',0,'admin','2017-09-23 14:25:44','admin','','',''),
  (35,7,'','image/jpeg','discussion.jpg','discussion.jpg','196953',2000,1335,'Discussion','2017-09-23 14:24:21',0,'admin','2017-09-23 14:25:53','admin','','',''),
  (36,7,'','image/jpeg','office.jpg','office.jpg','220191',2000,1317,'Office','2017-09-23 14:24:21',0,'admin','2017-09-23 14:26:01','admin','','',''),
  (37,7,'','image/jpeg','rooms.jpg','rooms.jpg','197998',2000,1335,'Rooms','2017-09-23 14:24:21',0,'admin','2017-09-23 14:26:44','admin','','',''),
  (38,7,'','image/jpeg','table.jpg','table.jpg','230833',2000,1500,'Table','2017-09-23 14:24:21',0,'admin','2017-09-23 14:26:54','admin','','',''),
  (39,1,'','image/jpeg','stars.jpg','stars.jpg','69472',1800,1201,'Stars','2017-09-23 15:05:47',0,'admin','2017-09-23 15:08:01','admin','','',''),
  (40,6,'','image/jpeg','bassman.jpg','bassman.jpg','32445',2000,1336,'Bassman','2017-09-24 11:01:02',0,'admin','2017-09-24 11:01:02','admin','','',''),
  (41,7,'','image/jpeg','must_be_done.jpg','must_be_done.jpg','94723',2000,1335,'Must be done','2017-09-24 21:39:43',0,'admin','2017-09-24 21:39:43','admin','','',''),
  (42,1,'','image/jpeg','writer.jpg','writer.jpg','86966',2000,1429,'Writer','2017-09-28 20:57:14',0,'admin','2017-10-01 21:02:46','admin','','',''),
  (43,8,'','image/jpeg','screen_preloader.jpg','screen_preloader.jpg','55989',750,563,'Preloader','2017-11-27 13:04:09',0,'admin','2017-11-27 13:06:12','admin','','',''),
  (44,8,'','image/jpeg','screen_social_icons.jpg','screen_social_icons.jpg','61039',750,563,'Social Icons','2017-11-27 13:06:31',0,'admin','2017-11-27 13:06:31','admin','','',''),
  (45,8,'','image/jpeg','screen_navigation.jpg','screen_navigation.jpg','74930',750,563,'Navigationstyp','2017-11-27 13:14:24',0,'admin','2017-11-27 13:14:24','admin','','',''),
  (46,8,'','image/jpeg','screen_treenstrich.jpg','screen_treenstrich.jpg','76053',750,563,'Trennzeichen','2017-11-27 13:26:02',0,'admin','2017-11-27 13:26:02','admin','','',''),
  (47,8,'','image/jpeg','screen_mblock.jpg','screen_mblock.jpg','78271',750,563,'Mblock','2017-11-27 13:30:43',0,'admin','2017-11-27 13:30:43','admin','','',''),
  (48,8,'','image/jpeg','screen_footer.jpg','screen_footer.jpg','72718',750,563,'Footer','2017-11-27 13:39:00',0,'admin','2017-11-27 13:39:00','admin','','',''),
  (49,3,'','image/jpeg','dennis.jpg','dennis.jpg','4701',128,128,'Dennis','2017-12-03 11:51:11',0,'admin','2017-12-03 11:51:11','admin','Gitarre','',''),
  (50,1,'','image/jpeg','oven.jpg','oven.jpg','120108',1600,1090,'Oven','2018-01-01 20:55:53',0,'admin','2018-01-02 01:48:00','admin','','',''),
  (51,6,'','image/jpeg','amp.jpg','amp.jpg','177761',1800,1205,'Amp','2018-01-02 01:53:37',0,'admin','2018-01-02 01:56:10','admin','','','');
/*!40000 ALTER TABLE `rex_media` ENABLE KEYS */;
UNLOCK TABLES;

DROP TABLE IF EXISTS `rex_media_category`;
CREATE TABLE `rex_media_category` (
  `id` int unsigned NOT NULL AUTO_INCREMENT,
  `name` varchar(255) NOT NULL,
  `parent_id` int unsigned NOT NULL,
  `path` varchar(255) NOT NULL,
  `createdate` datetime NOT NULL,
  `attributes` text,
  `revision` int unsigned NOT NULL,
  `createuser` varchar(255) NOT NULL,
  `updatedate` datetime NOT NULL,
  `updateuser` varchar(255) NOT NULL,
  PRIMARY KEY (`id`),
  KEY `parent_id` (`parent_id`)
) ENGINE=InnoDB AUTO_INCREMENT=9 DEFAULT CHARSET=utf8mb3;

LOCK TABLES `rex_media_category` WRITE;
/*!40000 ALTER TABLE `rex_media_category` DISABLE KEYS */;
INSERT INTO `rex_media_category` VALUES 
  (1,'01 . Fotos - Norden',0,'|','2017-08-14 11:12:22','',0,'admin','2017-09-23 13:50:57','admin'),
  (2,'04 . Videos',0,'|','2017-08-14 11:12:30','',0,'admin','2017-09-23 13:51:34','admin'),
  (3,'05 . Team',0,'|','2017-08-14 11:12:40','',0,'admin','2017-09-23 13:51:29','admin'),
  (4,'06 . Logos',0,'|','2017-08-31 17:22:43','',0,'admin','2017-09-23 13:51:53','admin'),
  (5,'Hover',4,'|4|','2017-08-31 17:22:52','',0,'admin','2017-08-31 17:22:52','admin'),
  (6,'02 . Fotos - Musik',0,'|','2017-09-23 13:51:44','',0,'admin','2017-09-23 13:51:44','admin'),
  (7,'03 . Fotos Agentur',0,'|','2017-09-23 13:52:01','',0,'admin','2017-09-23 13:52:01','admin'),
  (8,'07 . Screnshots',0,'|','2017-11-27 13:03:42','',0,'admin','2017-11-27 13:03:42','admin');
/*!40000 ALTER TABLE `rex_media_category` ENABLE KEYS */;
UNLOCK TABLES;

DROP TABLE IF EXISTS `rex_media_manager_type`;
CREATE TABLE `rex_media_manager_type` (
  `id` int unsigned NOT NULL AUTO_INCREMENT,
  `status` int unsigned NOT NULL,
  `name` varchar(255) NOT NULL,
  `description` varchar(255) NOT NULL,
  `createdate` datetime NOT NULL,
  `createuser` varchar(255) NOT NULL,
  `updatedate` datetime NOT NULL,
  `updateuser` varchar(255) NOT NULL,
  PRIMARY KEY (`id`),
  UNIQUE KEY `name` (`name`)
) ENGINE=InnoDB AUTO_INCREMENT=10 DEFAULT CHARSET=utf8mb3;

LOCK TABLES `rex_media_manager_type` WRITE;
/*!40000 ALTER TABLE `rex_media_manager_type` DISABLE KEYS */;
INSERT INTO `rex_media_manager_type` VALUES 
  (1,1,'rex_media_small','200 × 200 px','2022-01-04 11:04:57','admin','2022-01-04 11:04:57','admin'),
  (2,1,'rex_media_medium','600 × 600 px','2022-01-04 11:04:57','admin','2022-01-04 11:04:57','admin'),
  (3,1,'rex_media_large','1200 × 1200 px','2022-01-04 11:04:57','admin','2022-01-04 11:04:57','admin'),
  (4,0,'content','750 * 500','0000-00-00 00:00:00','','0000-00-00 00:00:00',''),
  (5,0,'parallax','1800* 800','0000-00-00 00:00:00','','0000-00-00 00:00:00',''),
  (6,0,'fullwidth','1800 * 400','0000-00-00 00:00:00','','0000-00-00 00:00:00',''),
  (7,0,'header','1800 * 1000','0000-00-00 00:00:00','','0000-00-00 00:00:00','');
/*!40000 ALTER TABLE `rex_media_manager_type` ENABLE KEYS */;
UNLOCK TABLES;

DROP TABLE IF EXISTS `rex_media_manager_type_effect`;
CREATE TABLE `rex_media_manager_type_effect` (
  `id` int unsigned NOT NULL AUTO_INCREMENT,
  `type_id` int unsigned NOT NULL,
  `effect` varchar(255) NOT NULL,
  `parameters` text NOT NULL,
  `priority` int unsigned NOT NULL,
  `createdate` datetime NOT NULL,
  `createuser` varchar(255) NOT NULL,
  `updatedate` datetime NOT NULL,
  `updateuser` varchar(255) NOT NULL,
  PRIMARY KEY (`id`)
) ENGINE=InnoDB AUTO_INCREMENT=15 DEFAULT CHARSET=utf8mb3;

LOCK TABLES `rex_media_manager_type_effect` WRITE;
/*!40000 ALTER TABLE `rex_media_manager_type_effect` DISABLE KEYS */;
INSERT INTO `rex_media_manager_type_effect` VALUES 
  (1,1,'resize','{\"rex_effect_crop\":{\"rex_effect_crop_width\":\"\",\"rex_effect_crop_height\":\"\",\"rex_effect_crop_offset_width\":\"\",\"rex_effect_crop_offset_height\":\"\",\"rex_effect_crop_hpos\":\"center\",\"rex_effect_crop_vpos\":\"middle\"},\"rex_effect_filter_blur\":{\"rex_effect_filter_blur_amount\":\"80\",\"rex_effect_filter_blur_radius\":\"8\",\"rex_effect_filter_blur_threshold\":\"3\"},\"rex_effect_filter_sharpen\":{\"rex_effect_filter_sharpen_amount\":\"80\",\"rex_effect_filter_sharpen_radius\":\"0.5\",\"rex_effect_filter_sharpen_threshold\":\"3\"},\"rex_effect_flip\":{\"rex_effect_flip_flip\":\"X\"},\"rex_effect_header\":{\"rex_effect_header_download\":\"open_media\",\"rex_effect_header_cache\":\"no_cache\"},\"rex_effect_insert_image\":{\"rex_effect_insert_image_brandimage\":\"\",\"rex_effect_insert_image_hpos\":\"left\",\"rex_effect_insert_image_vpos\":\"top\",\"rex_effect_insert_image_padding_x\":\"-10\",\"rex_effect_insert_image_padding_y\":\"-10\"},\"rex_effect_mediapath\":{\"rex_effect_mediapath_mediapath\":\"\"},\"rex_effect_mirror\":{\"rex_effect_mirror_height\":\"\",\"rex_effect_mirror_set_transparent\":\"colored\",\"rex_effect_mirror_bg_r\":\"\",\"rex_effect_mirror_bg_g\":\"\",\"rex_effect_mirror_bg_b\":\"\"},\"rex_effect_resize\":{\"rex_effect_resize_width\":\"200\",\"rex_effect_resize_height\":\"200\",\"rex_effect_resize_style\":\"maximum\",\"rex_effect_resize_allow_enlarge\":\"not_enlarge\"},\"rex_effect_workspace\":{\"rex_effect_workspace_width\":\"\",\"rex_effect_workspace_height\":\"\",\"rex_effect_workspace_hpos\":\"left\",\"rex_effect_workspace_vpos\":\"top\",\"rex_effect_workspace_set_transparent\":\"colored\",\"rex_effect_workspace_bg_r\":\"\",\"rex_effect_workspace_bg_g\":\"\",\"rex_effect_workspace_bg_b\":\"\"}}',1,'2022-01-04 11:04:57','admin','2022-01-04 11:04:57','admin'),
  (2,2,'resize','{\"rex_effect_crop\":{\"rex_effect_crop_width\":\"\",\"rex_effect_crop_height\":\"\",\"rex_effect_crop_offset_width\":\"\",\"rex_effect_crop_offset_height\":\"\",\"rex_effect_crop_hpos\":\"center\",\"rex_effect_crop_vpos\":\"middle\"},\"rex_effect_filter_blur\":{\"rex_effect_filter_blur_amount\":\"80\",\"rex_effect_filter_blur_radius\":\"8\",\"rex_effect_filter_blur_threshold\":\"3\"},\"rex_effect_filter_sharpen\":{\"rex_effect_filter_sharpen_amount\":\"80\",\"rex_effect_filter_sharpen_radius\":\"0.5\",\"rex_effect_filter_sharpen_threshold\":\"3\"},\"rex_effect_flip\":{\"rex_effect_flip_flip\":\"X\"},\"rex_effect_header\":{\"rex_effect_header_download\":\"open_media\",\"rex_effect_header_cache\":\"no_cache\"},\"rex_effect_insert_image\":{\"rex_effect_insert_image_brandimage\":\"\",\"rex_effect_insert_image_hpos\":\"left\",\"rex_effect_insert_image_vpos\":\"top\",\"rex_effect_insert_image_padding_x\":\"-10\",\"rex_effect_insert_image_padding_y\":\"-10\"},\"rex_effect_mediapath\":{\"rex_effect_mediapath_mediapath\":\"\"},\"rex_effect_mirror\":{\"rex_effect_mirror_height\":\"\",\"rex_effect_mirror_set_transparent\":\"colored\",\"rex_effect_mirror_bg_r\":\"\",\"rex_effect_mirror_bg_g\":\"\",\"rex_effect_mirror_bg_b\":\"\"},\"rex_effect_resize\":{\"rex_effect_resize_width\":\"600\",\"rex_effect_resize_height\":\"600\",\"rex_effect_resize_style\":\"maximum\",\"rex_effect_resize_allow_enlarge\":\"not_enlarge\"},\"rex_effect_workspace\":{\"rex_effect_workspace_width\":\"\",\"rex_effect_workspace_height\":\"\",\"rex_effect_workspace_hpos\":\"left\",\"rex_effect_workspace_vpos\":\"top\",\"rex_effect_workspace_set_transparent\":\"colored\",\"rex_effect_workspace_bg_r\":\"\",\"rex_effect_workspace_bg_g\":\"\",\"rex_effect_workspace_bg_b\":\"\"}}',1,'2022-01-04 11:04:57','admin','2022-01-04 11:04:57','admin'),
  (3,3,'resize','{\"rex_effect_crop\":{\"rex_effect_crop_width\":\"\",\"rex_effect_crop_height\":\"\",\"rex_effect_crop_offset_width\":\"\",\"rex_effect_crop_offset_height\":\"\",\"rex_effect_crop_hpos\":\"center\",\"rex_effect_crop_vpos\":\"middle\"},\"rex_effect_filter_blur\":{\"rex_effect_filter_blur_amount\":\"80\",\"rex_effect_filter_blur_radius\":\"8\",\"rex_effect_filter_blur_threshold\":\"3\"},\"rex_effect_filter_sharpen\":{\"rex_effect_filter_sharpen_amount\":\"80\",\"rex_effect_filter_sharpen_radius\":\"0.5\",\"rex_effect_filter_sharpen_threshold\":\"3\"},\"rex_effect_flip\":{\"rex_effect_flip_flip\":\"X\"},\"rex_effect_header\":{\"rex_effect_header_download\":\"open_media\",\"rex_effect_header_cache\":\"no_cache\"},\"rex_effect_insert_image\":{\"rex_effect_insert_image_brandimage\":\"\",\"rex_effect_insert_image_hpos\":\"left\",\"rex_effect_insert_image_vpos\":\"top\",\"rex_effect_insert_image_padding_x\":\"-10\",\"rex_effect_insert_image_padding_y\":\"-10\"},\"rex_effect_mediapath\":{\"rex_effect_mediapath_mediapath\":\"\"},\"rex_effect_mirror\":{\"rex_effect_mirror_height\":\"\",\"rex_effect_mirror_set_transparent\":\"colored\",\"rex_effect_mirror_bg_r\":\"\",\"rex_effect_mirror_bg_g\":\"\",\"rex_effect_mirror_bg_b\":\"\"},\"rex_effect_resize\":{\"rex_effect_resize_width\":\"1200\",\"rex_effect_resize_height\":\"1200\",\"rex_effect_resize_style\":\"maximum\",\"rex_effect_resize_allow_enlarge\":\"not_enlarge\"},\"rex_effect_workspace\":{\"rex_effect_workspace_width\":\"\",\"rex_effect_workspace_height\":\"\",\"rex_effect_workspace_hpos\":\"left\",\"rex_effect_workspace_vpos\":\"top\",\"rex_effect_workspace_set_transparent\":\"colored\",\"rex_effect_workspace_bg_r\":\"\",\"rex_effect_workspace_bg_g\":\"\",\"rex_effect_workspace_bg_b\":\"\"}}',1,'2022-01-04 11:04:57','admin','2022-01-04 11:04:57','admin'),
  (4,4,'resize','{\"rex_effect_convert2img\":{\"rex_effect_convert2img_convert_to\":\"jpg\",\"rex_effect_convert2img_density\":\"100\"},\"rex_effect_crop\":{\"rex_effect_crop_width\":\"\",\"rex_effect_crop_height\":\"\",\"rex_effect_crop_offset_width\":\"\",\"rex_effect_crop_offset_height\":\"\",\"rex_effect_crop_hpos\":\"left\",\"rex_effect_crop_vpos\":\"top\"},\"rex_effect_filter_blur\":{\"rex_effect_filter_blur_repeats\":\"\",\"rex_effect_filter_blur_type\":\"\",\"rex_effect_filter_blur_smoothit\":\"\"},\"rex_effect_filter_colorize\":{\"rex_effect_filter_colorize_filter_r\":\"\",\"rex_effect_filter_colorize_filter_g\":\"\",\"rex_effect_filter_colorize_filter_b\":\"\"},\"rex_effect_filter_sharpen\":{\"rex_effect_filter_sharpen_amount\":\"\",\"rex_effect_filter_sharpen_radius\":\"\",\"rex_effect_filter_sharpen_threshold\":\"\"},\"rex_effect_flip\":{\"rex_effect_flip_flip\":\"X\"},\"rex_effect_header\":{\"rex_effect_header_download\":\"open_media\",\"rex_effect_header_cache\":\"no_cache\"},\"rex_effect_insert_image\":{\"rex_effect_insert_image_brandimage\":\"\",\"rex_effect_insert_image_hpos\":\"left\",\"rex_effect_insert_image_vpos\":\"top\",\"rex_effect_insert_image_padding_x\":\"\",\"rex_effect_insert_image_padding_y\":\"\"},\"rex_effect_mediapath\":{\"rex_effect_mediapath_mediapath\":\"\"},\"rex_effect_mirror\":{\"rex_effect_mirror_height\":\"\",\"rex_effect_mirror_set_transparent\":\"colored\",\"rex_effect_mirror_bg_r\":\"\",\"rex_effect_mirror_bg_g\":\"\",\"rex_effect_mirror_bg_b\":\"\"},\"rex_effect_resize\":{\"rex_effect_resize_width\":\"750\",\"rex_effect_resize_height\":\"500\",\"rex_effect_resize_style\":\"minimum\",\"rex_effect_resize_allow_enlarge\":\"enlarge\"},\"rex_effect_rotate\":{\"rex_effect_rotate_rotate\":\"0\"},\"rex_effect_rounded_corners\":{\"rex_effect_rounded_corners_topleft\":\"\",\"rex_effect_rounded_corners_topright\":\"\",\"rex_effect_rounded_corners_bottomleft\":\"\",\"rex_effect_rounded_corners_bottomright\":\"\"},\"rex_effect_workspace\":{\"rex_effect_workspace_width\":\"\",\"rex_effect_workspace_height\":\"\",\"rex_effect_workspace_hpos\":\"left\",\"rex_effect_workspace_vpos\":\"top\",\"rex_effect_workspace_set_transparent\":\"colored\",\"rex_effect_workspace_bg_r\":\"\",\"rex_effect_workspace_bg_g\":\"\",\"rex_effect_workspace_bg_b\":\"\"}}',1,'2017-08-02 15:22:18','admin','2017-08-02 15:22:18','admin'),
  (5,4,'crop','{\"rex_effect_convert2img\":{\"rex_effect_convert2img_convert_to\":\"jpg\",\"rex_effect_convert2img_density\":\"100\"},\"rex_effect_crop\":{\"rex_effect_crop_width\":\"750\",\"rex_effect_crop_height\":\"500\",\"rex_effect_crop_offset_width\":\"\",\"rex_effect_crop_offset_height\":\"\",\"rex_effect_crop_hpos\":\"center\",\"rex_effect_crop_vpos\":\"middle\"},\"rex_effect_filter_blur\":{\"rex_effect_filter_blur_repeats\":\"\",\"rex_effect_filter_blur_type\":\"\",\"rex_effect_filter_blur_smoothit\":\"\"},\"rex_effect_filter_colorize\":{\"rex_effect_filter_colorize_filter_r\":\"\",\"rex_effect_filter_colorize_filter_g\":\"\",\"rex_effect_filter_colorize_filter_b\":\"\"},\"rex_effect_filter_sharpen\":{\"rex_effect_filter_sharpen_amount\":\"\",\"rex_effect_filter_sharpen_radius\":\"\",\"rex_effect_filter_sharpen_threshold\":\"\"},\"rex_effect_flip\":{\"rex_effect_flip_flip\":\"X\"},\"rex_effect_header\":{\"rex_effect_header_download\":\"open_media\",\"rex_effect_header_cache\":\"no_cache\"},\"rex_effect_insert_image\":{\"rex_effect_insert_image_brandimage\":\"\",\"rex_effect_insert_image_hpos\":\"left\",\"rex_effect_insert_image_vpos\":\"top\",\"rex_effect_insert_image_padding_x\":\"\",\"rex_effect_insert_image_padding_y\":\"\"},\"rex_effect_mediapath\":{\"rex_effect_mediapath_mediapath\":\"\"},\"rex_effect_mirror\":{\"rex_effect_mirror_height\":\"\",\"rex_effect_mirror_set_transparent\":\"colored\",\"rex_effect_mirror_bg_r\":\"\",\"rex_effect_mirror_bg_g\":\"\",\"rex_effect_mirror_bg_b\":\"\"},\"rex_effect_resize\":{\"rex_effect_resize_width\":\"\",\"rex_effect_resize_height\":\"\",\"rex_effect_resize_style\":\"maximum\",\"rex_effect_resize_allow_enlarge\":\"enlarge\"},\"rex_effect_rotate\":{\"rex_effect_rotate_rotate\":\"0\"},\"rex_effect_rounded_corners\":{\"rex_effect_rounded_corners_topleft\":\"\",\"rex_effect_rounded_corners_topright\":\"\",\"rex_effect_rounded_corners_bottomleft\":\"\",\"rex_effect_rounded_corners_bottomright\":\"\"},\"rex_effect_workspace\":{\"rex_effect_workspace_width\":\"\",\"rex_effect_workspace_height\":\"\",\"rex_effect_workspace_hpos\":\"left\",\"rex_effect_workspace_vpos\":\"top\",\"rex_effect_workspace_set_transparent\":\"colored\",\"rex_effect_workspace_bg_r\":\"\",\"rex_effect_workspace_bg_g\":\"\",\"rex_effect_workspace_bg_b\":\"\"}}',2,'2017-08-02 15:22:35','admin','2017-08-02 15:22:35','admin'),
  (6,4,'filter_sharpen','{\"rex_effect_convert2img\":{\"rex_effect_convert2img_convert_to\":\"jpg\",\"rex_effect_convert2img_density\":\"100\"},\"rex_effect_crop\":{\"rex_effect_crop_width\":\"\",\"rex_effect_crop_height\":\"\",\"rex_effect_crop_offset_width\":\"\",\"rex_effect_crop_offset_height\":\"\",\"rex_effect_crop_hpos\":\"left\",\"rex_effect_crop_vpos\":\"top\"},\"rex_effect_filter_blur\":{\"rex_effect_filter_blur_repeats\":\"\",\"rex_effect_filter_blur_type\":\"\",\"rex_effect_filter_blur_smoothit\":\"\"},\"rex_effect_filter_colorize\":{\"rex_effect_filter_colorize_filter_r\":\"\",\"rex_effect_filter_colorize_filter_g\":\"\",\"rex_effect_filter_colorize_filter_b\":\"\"},\"rex_effect_filter_sharpen\":{\"rex_effect_filter_sharpen_amount\":\"50\",\"rex_effect_filter_sharpen_radius\":\"\",\"rex_effect_filter_sharpen_threshold\":\"\"},\"rex_effect_flip\":{\"rex_effect_flip_flip\":\"X\"},\"rex_effect_header\":{\"rex_effect_header_download\":\"open_media\",\"rex_effect_header_cache\":\"no_cache\"},\"rex_effect_insert_image\":{\"rex_effect_insert_image_brandimage\":\"\",\"rex_effect_insert_image_hpos\":\"left\",\"rex_effect_insert_image_vpos\":\"top\",\"rex_effect_insert_image_padding_x\":\"\",\"rex_effect_insert_image_padding_y\":\"\"},\"rex_effect_mediapath\":{\"rex_effect_mediapath_mediapath\":\"\"},\"rex_effect_mirror\":{\"rex_effect_mirror_height\":\"\",\"rex_effect_mirror_set_transparent\":\"colored\",\"rex_effect_mirror_bg_r\":\"\",\"rex_effect_mirror_bg_g\":\"\",\"rex_effect_mirror_bg_b\":\"\"},\"rex_effect_resize\":{\"rex_effect_resize_width\":\"\",\"rex_effect_resize_height\":\"\",\"rex_effect_resize_style\":\"maximum\",\"rex_effect_resize_allow_enlarge\":\"enlarge\"},\"rex_effect_rotate\":{\"rex_effect_rotate_rotate\":\"0\"},\"rex_effect_rounded_corners\":{\"rex_effect_rounded_corners_topleft\":\"\",\"rex_effect_rounded_corners_topright\":\"\",\"rex_effect_rounded_corners_bottomleft\":\"\",\"rex_effect_rounded_corners_bottomright\":\"\"},\"rex_effect_workspace\":{\"rex_effect_workspace_width\":\"\",\"rex_effect_workspace_height\":\"\",\"rex_effect_workspace_hpos\":\"left\",\"rex_effect_workspace_vpos\":\"top\",\"rex_effect_workspace_set_transparent\":\"colored\",\"rex_effect_workspace_bg_r\":\"\",\"rex_effect_workspace_bg_g\":\"\",\"rex_effect_workspace_bg_b\":\"\"}}',3,'2017-08-02 15:22:43','admin','2017-08-02 15:22:43','admin'),
  (7,5,'resize','{\"rex_effect_convert2img\":{\"rex_effect_convert2img_convert_to\":\"jpg\",\"rex_effect_convert2img_density\":\"100\"},\"rex_effect_crop\":{\"rex_effect_crop_width\":\"\",\"rex_effect_crop_height\":\"\",\"rex_effect_crop_offset_width\":\"\",\"rex_effect_crop_offset_height\":\"\",\"rex_effect_crop_hpos\":\"left\",\"rex_effect_crop_vpos\":\"top\"},\"rex_effect_filter_blur\":{\"rex_effect_filter_blur_repeats\":\"\",\"rex_effect_filter_blur_type\":\"\",\"rex_effect_filter_blur_smoothit\":\"\"},\"rex_effect_filter_colorize\":{\"rex_effect_filter_colorize_filter_r\":\"\",\"rex_effect_filter_colorize_filter_g\":\"\",\"rex_effect_filter_colorize_filter_b\":\"\"},\"rex_effect_filter_sharpen\":{\"rex_effect_filter_sharpen_amount\":\"\",\"rex_effect_filter_sharpen_radius\":\"\",\"rex_effect_filter_sharpen_threshold\":\"\"},\"rex_effect_flip\":{\"rex_effect_flip_flip\":\"X\"},\"rex_effect_header\":{\"rex_effect_header_download\":\"open_media\",\"rex_effect_header_cache\":\"no_cache\"},\"rex_effect_insert_image\":{\"rex_effect_insert_image_brandimage\":\"\",\"rex_effect_insert_image_hpos\":\"left\",\"rex_effect_insert_image_vpos\":\"top\",\"rex_effect_insert_image_padding_x\":\"\",\"rex_effect_insert_image_padding_y\":\"\"},\"rex_effect_mediapath\":{\"rex_effect_mediapath_mediapath\":\"\"},\"rex_effect_mirror\":{\"rex_effect_mirror_height\":\"\",\"rex_effect_mirror_set_transparent\":\"colored\",\"rex_effect_mirror_bg_r\":\"\",\"rex_effect_mirror_bg_g\":\"\",\"rex_effect_mirror_bg_b\":\"\"},\"rex_effect_resize\":{\"rex_effect_resize_width\":\"1800\",\"rex_effect_resize_height\":\"800\",\"rex_effect_resize_style\":\"maximum\",\"rex_effect_resize_allow_enlarge\":\"enlarge\"},\"rex_effect_rotate\":{\"rex_effect_rotate_rotate\":\"0\"},\"rex_effect_rounded_corners\":{\"rex_effect_rounded_corners_topleft\":\"\",\"rex_effect_rounded_corners_topright\":\"\",\"rex_effect_rounded_corners_bottomleft\":\"\",\"rex_effect_rounded_corners_bottomright\":\"\"},\"rex_effect_workspace\":{\"rex_effect_workspace_width\":\"\",\"rex_effect_workspace_height\":\"\",\"rex_effect_workspace_hpos\":\"left\",\"rex_effect_workspace_vpos\":\"top\",\"rex_effect_workspace_set_transparent\":\"colored\",\"rex_effect_workspace_bg_r\":\"\",\"rex_effect_workspace_bg_g\":\"\",\"rex_effect_workspace_bg_b\":\"\"}}',1,'2017-08-02 15:14:39','admin','2017-08-02 15:15:12','admin'),
  (8,5,'filter_sharpen','{\"rex_effect_convert2img\":{\"rex_effect_convert2img_convert_to\":\"jpg\",\"rex_effect_convert2img_density\":\"100\"},\"rex_effect_crop\":{\"rex_effect_crop_width\":\"\",\"rex_effect_crop_height\":\"\",\"rex_effect_crop_offset_width\":\"\",\"rex_effect_crop_offset_height\":\"\",\"rex_effect_crop_hpos\":\"left\",\"rex_effect_crop_vpos\":\"top\"},\"rex_effect_filter_blur\":{\"rex_effect_filter_blur_repeats\":\"\",\"rex_effect_filter_blur_type\":\"\",\"rex_effect_filter_blur_smoothit\":\"\"},\"rex_effect_filter_colorize\":{\"rex_effect_filter_colorize_filter_r\":\"\",\"rex_effect_filter_colorize_filter_g\":\"\",\"rex_effect_filter_colorize_filter_b\":\"\"},\"rex_effect_filter_sharpen\":{\"rex_effect_filter_sharpen_amount\":\"50\",\"rex_effect_filter_sharpen_radius\":\"\",\"rex_effect_filter_sharpen_threshold\":\"\"},\"rex_effect_flip\":{\"rex_effect_flip_flip\":\"X\"},\"rex_effect_header\":{\"rex_effect_header_download\":\"open_media\",\"rex_effect_header_cache\":\"no_cache\"},\"rex_effect_insert_image\":{\"rex_effect_insert_image_brandimage\":\"\",\"rex_effect_insert_image_hpos\":\"left\",\"rex_effect_insert_image_vpos\":\"top\",\"rex_effect_insert_image_padding_x\":\"\",\"rex_effect_insert_image_padding_y\":\"\"},\"rex_effect_mediapath\":{\"rex_effect_mediapath_mediapath\":\"\"},\"rex_effect_mirror\":{\"rex_effect_mirror_height\":\"\",\"rex_effect_mirror_set_transparent\":\"colored\",\"rex_effect_mirror_bg_r\":\"\",\"rex_effect_mirror_bg_g\":\"\",\"rex_effect_mirror_bg_b\":\"\"},\"rex_effect_resize\":{\"rex_effect_resize_width\":\"\",\"rex_effect_resize_height\":\"\",\"rex_effect_resize_style\":\"maximum\",\"rex_effect_resize_allow_enlarge\":\"enlarge\"},\"rex_effect_rotate\":{\"rex_effect_rotate_rotate\":\"0\"},\"rex_effect_rounded_corners\":{\"rex_effect_rounded_corners_topleft\":\"\",\"rex_effect_rounded_corners_topright\":\"\",\"rex_effect_rounded_corners_bottomleft\":\"\",\"rex_effect_rounded_corners_bottomright\":\"\"},\"rex_effect_workspace\":{\"rex_effect_workspace_width\":\"\",\"rex_effect_workspace_height\":\"\",\"rex_effect_workspace_hpos\":\"left\",\"rex_effect_workspace_vpos\":\"top\",\"rex_effect_workspace_set_transparent\":\"colored\",\"rex_effect_workspace_bg_r\":\"\",\"rex_effect_workspace_bg_g\":\"\",\"rex_effect_workspace_bg_b\":\"\"}}',2,'2017-08-02 15:14:50','admin','2017-08-02 15:14:50','admin'),
  (9,6,'resize','{\"rex_effect_convert2img\":{\"rex_effect_convert2img_convert_to\":\"jpg\",\"rex_effect_convert2img_density\":\"100\"},\"rex_effect_crop\":{\"rex_effect_crop_width\":\"\",\"rex_effect_crop_height\":\"\",\"rex_effect_crop_offset_width\":\"\",\"rex_effect_crop_offset_height\":\"\",\"rex_effect_crop_hpos\":\"left\",\"rex_effect_crop_vpos\":\"top\"},\"rex_effect_filter_blur\":{\"rex_effect_filter_blur_repeats\":\"\",\"rex_effect_filter_blur_type\":\"\",\"rex_effect_filter_blur_smoothit\":\"\"},\"rex_effect_filter_colorize\":{\"rex_effect_filter_colorize_filter_r\":\"\",\"rex_effect_filter_colorize_filter_g\":\"\",\"rex_effect_filter_colorize_filter_b\":\"\"},\"rex_effect_filter_sharpen\":{\"rex_effect_filter_sharpen_amount\":\"\",\"rex_effect_filter_sharpen_radius\":\"\",\"rex_effect_filter_sharpen_threshold\":\"\"},\"rex_effect_flip\":{\"rex_effect_flip_flip\":\"X\"},\"rex_effect_header\":{\"rex_effect_header_download\":\"open_media\",\"rex_effect_header_cache\":\"no_cache\"},\"rex_effect_insert_image\":{\"rex_effect_insert_image_brandimage\":\"\",\"rex_effect_insert_image_hpos\":\"left\",\"rex_effect_insert_image_vpos\":\"top\",\"rex_effect_insert_image_padding_x\":\"\",\"rex_effect_insert_image_padding_y\":\"\"},\"rex_effect_mediapath\":{\"rex_effect_mediapath_mediapath\":\"\"},\"rex_effect_mirror\":{\"rex_effect_mirror_height\":\"\",\"rex_effect_mirror_set_transparent\":\"colored\",\"rex_effect_mirror_bg_r\":\"\",\"rex_effect_mirror_bg_g\":\"\",\"rex_effect_mirror_bg_b\":\"\"},\"rex_effect_resize\":{\"rex_effect_resize_width\":\"1800\",\"rex_effect_resize_height\":\"400\",\"rex_effect_resize_style\":\"minimum\",\"rex_effect_resize_allow_enlarge\":\"enlarge\"},\"rex_effect_rotate\":{\"rex_effect_rotate_rotate\":\"0\"},\"rex_effect_rounded_corners\":{\"rex_effect_rounded_corners_topleft\":\"\",\"rex_effect_rounded_corners_topright\":\"\",\"rex_effect_rounded_corners_bottomleft\":\"\",\"rex_effect_rounded_corners_bottomright\":\"\"},\"rex_effect_workspace\":{\"rex_effect_workspace_width\":\"\",\"rex_effect_workspace_height\":\"\",\"rex_effect_workspace_hpos\":\"left\",\"rex_effect_workspace_vpos\":\"top\",\"rex_effect_workspace_set_transparent\":\"colored\",\"rex_effect_workspace_bg_r\":\"\",\"rex_effect_workspace_bg_g\":\"\",\"rex_effect_workspace_bg_b\":\"\"}}',1,'2017-08-02 15:18:42','admin','2017-08-02 15:18:42','admin'),
  (10,6,'crop','{\"rex_effect_convert2img\":{\"rex_effect_convert2img_convert_to\":\"jpg\",\"rex_effect_convert2img_density\":\"100\"},\"rex_effect_crop\":{\"rex_effect_crop_width\":\"1800\",\"rex_effect_crop_height\":\"400\",\"rex_effect_crop_offset_width\":\"\",\"rex_effect_crop_offset_height\":\"\",\"rex_effect_crop_hpos\":\"center\",\"rex_effect_crop_vpos\":\"middle\"},\"rex_effect_filter_blur\":{\"rex_effect_filter_blur_repeats\":\"\",\"rex_effect_filter_blur_type\":\"\",\"rex_effect_filter_blur_smoothit\":\"\"},\"rex_effect_filter_colorize\":{\"rex_effect_filter_colorize_filter_r\":\"\",\"rex_effect_filter_colorize_filter_g\":\"\",\"rex_effect_filter_colorize_filter_b\":\"\"},\"rex_effect_filter_sharpen\":{\"rex_effect_filter_sharpen_amount\":\"\",\"rex_effect_filter_sharpen_radius\":\"\",\"rex_effect_filter_sharpen_threshold\":\"\"},\"rex_effect_flip\":{\"rex_effect_flip_flip\":\"X\"},\"rex_effect_header\":{\"rex_effect_header_download\":\"open_media\",\"rex_effect_header_cache\":\"no_cache\"},\"rex_effect_insert_image\":{\"rex_effect_insert_image_brandimage\":\"\",\"rex_effect_insert_image_hpos\":\"left\",\"rex_effect_insert_image_vpos\":\"top\",\"rex_effect_insert_image_padding_x\":\"\",\"rex_effect_insert_image_padding_y\":\"\"},\"rex_effect_mediapath\":{\"rex_effect_mediapath_mediapath\":\"\"},\"rex_effect_mirror\":{\"rex_effect_mirror_height\":\"\",\"rex_effect_mirror_set_transparent\":\"colored\",\"rex_effect_mirror_bg_r\":\"\",\"rex_effect_mirror_bg_g\":\"\",\"rex_effect_mirror_bg_b\":\"\"},\"rex_effect_resize\":{\"rex_effect_resize_width\":\"\",\"rex_effect_resize_height\":\"\",\"rex_effect_resize_style\":\"maximum\",\"rex_effect_resize_allow_enlarge\":\"enlarge\"},\"rex_effect_rotate\":{\"rex_effect_rotate_rotate\":\"0\"},\"rex_effect_rounded_corners\":{\"rex_effect_rounded_corners_topleft\":\"\",\"rex_effect_rounded_corners_topright\":\"\",\"rex_effect_rounded_corners_bottomleft\":\"\",\"rex_effect_rounded_corners_bottomright\":\"\"},\"rex_effect_workspace\":{\"rex_effect_workspace_width\":\"\",\"rex_effect_workspace_height\":\"\",\"rex_effect_workspace_hpos\":\"left\",\"rex_effect_workspace_vpos\":\"top\",\"rex_effect_workspace_set_transparent\":\"colored\",\"rex_effect_workspace_bg_r\":\"\",\"rex_effect_workspace_bg_g\":\"\",\"rex_effect_workspace_bg_b\":\"\"}}',2,'2017-08-02 15:18:57','admin','2017-08-02 15:18:57','admin'),
  (11,6,'filter_sharpen','{\"rex_effect_convert2img\":{\"rex_effect_convert2img_convert_to\":\"jpg\",\"rex_effect_convert2img_density\":\"100\"},\"rex_effect_crop\":{\"rex_effect_crop_width\":\"\",\"rex_effect_crop_height\":\"\",\"rex_effect_crop_offset_width\":\"\",\"rex_effect_crop_offset_height\":\"\",\"rex_effect_crop_hpos\":\"left\",\"rex_effect_crop_vpos\":\"top\"},\"rex_effect_filter_blur\":{\"rex_effect_filter_blur_repeats\":\"\",\"rex_effect_filter_blur_type\":\"\",\"rex_effect_filter_blur_smoothit\":\"\"},\"rex_effect_filter_colorize\":{\"rex_effect_filter_colorize_filter_r\":\"\",\"rex_effect_filter_colorize_filter_g\":\"\",\"rex_effect_filter_colorize_filter_b\":\"\"},\"rex_effect_filter_sharpen\":{\"rex_effect_filter_sharpen_amount\":\"50\",\"rex_effect_filter_sharpen_radius\":\"\",\"rex_effect_filter_sharpen_threshold\":\"\"},\"rex_effect_flip\":{\"rex_effect_flip_flip\":\"X\"},\"rex_effect_header\":{\"rex_effect_header_download\":\"open_media\",\"rex_effect_header_cache\":\"no_cache\"},\"rex_effect_insert_image\":{\"rex_effect_insert_image_brandimage\":\"\",\"rex_effect_insert_image_hpos\":\"left\",\"rex_effect_insert_image_vpos\":\"top\",\"rex_effect_insert_image_padding_x\":\"\",\"rex_effect_insert_image_padding_y\":\"\"},\"rex_effect_mediapath\":{\"rex_effect_mediapath_mediapath\":\"\"},\"rex_effect_mirror\":{\"rex_effect_mirror_height\":\"\",\"rex_effect_mirror_set_transparent\":\"colored\",\"rex_effect_mirror_bg_r\":\"\",\"rex_effect_mirror_bg_g\":\"\",\"rex_effect_mirror_bg_b\":\"\"},\"rex_effect_resize\":{\"rex_effect_resize_width\":\"\",\"rex_effect_resize_height\":\"\",\"rex_effect_resize_style\":\"maximum\",\"rex_effect_resize_allow_enlarge\":\"enlarge\"},\"rex_effect_rotate\":{\"rex_effect_rotate_rotate\":\"0\"},\"rex_effect_rounded_corners\":{\"rex_effect_rounded_corners_topleft\":\"\",\"rex_effect_rounded_corners_topright\":\"\",\"rex_effect_rounded_corners_bottomleft\":\"\",\"rex_effect_rounded_corners_bottomright\":\"\"},\"rex_effect_workspace\":{\"rex_effect_workspace_width\":\"\",\"rex_effect_workspace_height\":\"\",\"rex_effect_workspace_hpos\":\"left\",\"rex_effect_workspace_vpos\":\"top\",\"rex_effect_workspace_set_transparent\":\"colored\",\"rex_effect_workspace_bg_r\":\"\",\"rex_effect_workspace_bg_g\":\"\",\"rex_effect_workspace_bg_b\":\"\"}}',3,'2017-08-02 15:19:06','admin','2017-08-02 15:19:06','admin'),
  (12,7,'resize','{\"rex_effect_rounded_corners\":{\"rex_effect_rounded_corners_topleft\":\"\",\"rex_effect_rounded_corners_topright\":\"\",\"rex_effect_rounded_corners_bottomleft\":\"\",\"rex_effect_rounded_corners_bottomright\":\"\"},\"rex_effect_workspace\":{\"rex_effect_workspace_width\":\"\",\"rex_effect_workspace_height\":\"\",\"rex_effect_workspace_hpos\":\"left\",\"rex_effect_workspace_vpos\":\"top\",\"rex_effect_workspace_set_transparent\":\"colored\",\"rex_effect_workspace_bg_r\":\"\",\"rex_effect_workspace_bg_g\":\"\",\"rex_effect_workspace_bg_b\":\"\"},\"rex_effect_crop\":{\"rex_effect_crop_width\":\"\",\"rex_effect_crop_height\":\"\",\"rex_effect_crop_offset_width\":\"\",\"rex_effect_crop_offset_height\":\"\",\"rex_effect_crop_hpos\":\"center\",\"rex_effect_crop_vpos\":\"middle\"},\"rex_effect_insert_image\":{\"rex_effect_insert_image_brandimage\":\"\",\"rex_effect_insert_image_hpos\":\"left\",\"rex_effect_insert_image_vpos\":\"top\",\"rex_effect_insert_image_padding_x\":\"-10\",\"rex_effect_insert_image_padding_y\":\"-10\"},\"rex_effect_rotate\":{\"rex_effect_rotate_rotate\":\"0\"},\"rex_effect_filter_colorize\":{\"rex_effect_filter_colorize_filter_r\":\"\",\"rex_effect_filter_colorize_filter_g\":\"\",\"rex_effect_filter_colorize_filter_b\":\"\"},\"rex_effect_image_properties\":{\"rex_effect_image_properties_jpg_quality\":\"\",\"rex_effect_image_properties_png_compression\":\"\",\"rex_effect_image_properties_webp_quality\":\"\",\"rex_effect_image_properties_interlace\":null},\"rex_effect_filter_brightness\":{\"rex_effect_filter_brightness_brightness\":\"\"},\"rex_effect_flip\":{\"rex_effect_flip_flip\":\"X\"},\"rex_effect_filter_contrast\":{\"rex_effect_filter_contrast_contrast\":\"\"},\"rex_effect_filter_sharpen\":{\"rex_effect_filter_sharpen_amount\":\"80\",\"rex_effect_filter_sharpen_radius\":\"0.5\",\"rex_effect_filter_sharpen_threshold\":\"3\"},\"rex_effect_resize\":{\"rex_effect_resize_width\":\"1800\",\"rex_effect_resize_height\":\"1000\",\"rex_effect_resize_style\":\"maximum\",\"rex_effect_resize_allow_enlarge\":\"not_enlarge\"},\"rex_effect_filter_blur\":{\"rex_effect_filter_blur_repeats\":\"10\",\"rex_effect_filter_blur_type\":\"gaussian\",\"rex_effect_filter_blur_smoothit\":\"\"},\"rex_effect_mirror\":{\"rex_effect_mirror_height\":\"\",\"rex_effect_mirror_set_transparent\":\"colored\",\"rex_effect_mirror_bg_r\":\"\",\"rex_effect_mirror_bg_g\":\"\",\"rex_effect_mirror_bg_b\":\"\"},\"rex_effect_header\":{\"rex_effect_header_download\":\"open_media\",\"rex_effect_header_cache\":\"no_cache\"},\"rex_effect_convert2img\":{\"rex_effect_convert2img_convert_to\":\"jpg\",\"rex_effect_convert2img_density\":\"150\"},\"rex_effect_mediapath\":{\"rex_effect_mediapath_mediapath\":\"\"}}',1,'2018-11-03 15:00:36','admin','2018-11-03 15:00:36','admin');
/*!40000 ALTER TABLE `rex_media_manager_type_effect` ENABLE KEYS */;
UNLOCK TABLES;

DROP TABLE IF EXISTS `rex_metainfo_field`;
CREATE TABLE `rex_metainfo_field` (
  `id` int unsigned NOT NULL AUTO_INCREMENT,
  `title` varchar(255) DEFAULT NULL,
  `name` varchar(255) DEFAULT NULL,
  `priority` int unsigned NOT NULL,
  `attributes` text NOT NULL,
  `type_id` int unsigned DEFAULT NULL,
  `default` varchar(255) NOT NULL,
  `params` text,
  `validate` text,
  `callback` text,
  `restrictions` text,
  `templates` text,
  `createdate` datetime NOT NULL,
  `createuser` varchar(255) NOT NULL,
  `updatedate` datetime NOT NULL,
  `updateuser` varchar(255) NOT NULL,
  PRIMARY KEY (`id`),
  UNIQUE KEY `name` (`name`)
) ENGINE=InnoDB AUTO_INCREMENT=11 DEFAULT CHARSET=utf8mb3;

LOCK TABLES `rex_metainfo_field` WRITE;
/*!40000 ALTER TABLE `rex_metainfo_field` DISABLE KEYS */;
INSERT INTO `rex_metainfo_field` VALUES 
  (1,'Navigation','cat_navigation',2,'',3,'','normal:Normal|burger:Burger-Off-Canvas','','','',NULL,'2017-08-02 07:48:31','admin','2017-08-03 17:22:03','admin'),
  (2,'Hauptfarbe','cat_color',3,'',4,'',':Standard (Beige)|yellow:Gelb|green:Grün|blue:Blau|purple:Lila|gray:Grau|darkgrey:Dunkelgrau|black:Schwarz','','','',NULL,'2017-08-02 07:51:23','admin','2017-12-03 08:20:23','admin'),
  (3,'Facebook-Link','clang_facebook',1,'',1,'','','','','',NULL,'2017-08-02 13:00:08','admin','2017-08-02 13:00:08','admin'),
  (4,'Twitter-Link','clang_twitter',2,'',1,'','','','','',NULL,'2017-08-02 13:00:23','admin','2017-08-02 13:00:23','admin'),
  (5,'Position','med_position',1,'',1,'','','','','|3|',NULL,'2017-08-14 11:14:03','admin','2017-08-14 11:14:03','admin'),
  (6,'Trennstrich-Zeichen','cat_sep_char',4,'',1,'','','','','',NULL,'2017-08-14 11:35:58','admin','2017-08-14 11:35:58','admin'),
  (7,'Preloader zeigen','cat_preloader',1,'',5,'','','','','',NULL,'2017-08-14 11:36:29','admin','2017-08-14 11:36:29','admin'),
  (8,'Link (mit http://)','med_link',2,'',1,'','','','','|4|',NULL,'2017-09-01 06:20:54','admin','2017-09-01 06:20:54','admin'),
  (9,'Hover-Grafik','med_hover',3,'',6,'','','','','|4|',NULL,'2017-09-01 06:21:27','admin','2017-09-01 06:21:27','admin'),
  (10,'Slack-Link','clang_slack',3,'',1,'','','','','',NULL,'2017-10-23 08:02:54','admin','2017-10-23 08:02:54','admin');
/*!40000 ALTER TABLE `rex_metainfo_field` ENABLE KEYS */;
UNLOCK TABLES;

DROP TABLE IF EXISTS `rex_metainfo_type`;
CREATE TABLE `rex_metainfo_type` (
  `id` int unsigned NOT NULL AUTO_INCREMENT,
  `label` varchar(255) DEFAULT NULL,
  `dbtype` varchar(255) NOT NULL,
  `dblength` int NOT NULL,
  PRIMARY KEY (`id`)
) ENGINE=InnoDB AUTO_INCREMENT=14 DEFAULT CHARSET=utf8mb3;

LOCK TABLES `rex_metainfo_type` WRITE;
/*!40000 ALTER TABLE `rex_metainfo_type` DISABLE KEYS */;
INSERT INTO `rex_metainfo_type` VALUES 
  (1,'text','text',0),
  (2,'textarea','text',0),
  (3,'select','varchar',255),
  (4,'radio','varchar',255),
  (5,'checkbox','varchar',255),
  (6,'REX_MEDIA_WIDGET','varchar',255),
  (7,'REX_MEDIALIST_WIDGET','text',0),
  (8,'REX_LINK_WIDGET','varchar',255),
  (9,'REX_LINKLIST_WIDGET','text',0),
  (10,'date','text',0),
  (11,'datetime','text',0),
  (12,'legend','text',0),
  (13,'time','text',0);
/*!40000 ALTER TABLE `rex_metainfo_type` ENABLE KEYS */;
UNLOCK TABLES;

DROP TABLE IF EXISTS `rex_module`;
CREATE TABLE `rex_module` (
  `id` int unsigned NOT NULL AUTO_INCREMENT,
  `key` varchar(191) DEFAULT NULL,
  `name` varchar(255) NOT NULL,
  `output` mediumtext NOT NULL,
  `input` mediumtext NOT NULL,
  `createdate` datetime NOT NULL,
  `createuser` varchar(255) NOT NULL,
  `updatedate` datetime NOT NULL,
  `updateuser` varchar(255) NOT NULL,
  `attributes` text,
  `revision` int unsigned NOT NULL,
  PRIMARY KEY (`id`),
  UNIQUE KEY `key` (`key`)
) ENGINE=InnoDB AUTO_INCREMENT=13 DEFAULT CHARSET=utf8mb3;

LOCK TABLES `rex_module` WRITE;
/*!40000 ALTER TABLE `rex_module` DISABLE KEYS */;
INSERT INTO `rex_module` VALUES 
  (1,NULL,'00 . Navigationspunkt (Anker)','<?php\r\nif (\"REX_VALUE[1]\" != \'\' && \"REX_VALUE[2]\" != \'\') {\r\n	echo \'\r\n	<div id=\"REX_VALUE[2]\"></div>\';\r\n\r\n	if (!isset($counter)) {\r\n		$counter = 0;\r\n	}\r\n	$counter++;\r\n\r\n	// Daten in ein Array schreiben, nur für das Frontend\r\n	if (! rex::isBackend()) {\r\n		$items = array();\r\n		$items = [\'anchor\' => \'REX_VALUE[2]\', \'title\' => \'REX_VALUE[1]\'];\r\n		rex::getProperty(\'anchors\', new ArrayIterator())->append($items);\r\n		// Im Backend wird der Inhalt als Info für den Redakteur angezeigt\r\n	} else {\r\n		if (\'REX_VALUE[id=1 isset=1]\') {\r\n		    echo \'<h1 style=\"background: #000; padding: 20px 40px; color: #fff;\">REX_VALUE[1]</h1>\';\r\n		}\r\n	}\r\n}\r\n?>','<!-- *******************************************************\r\nNAVIGATIONS-ANKER\r\n******************************************************** -->\r\n\r\n<fieldset class=\"form-horizontal\">\r\n    <legend>Navigations-Anker</legend>\r\n		<div class=\"form-group\">\r\n		<label class=\"col-sm-2 control-label\" for=\"title\">Navigationstitel</label>\r\n		<div class=\"col-sm-10\">\r\n			<input class=\"form-control\" id=\"title\" type=\"text\" name=\"REX_INPUT_VALUE[1]\" value=\"REX_VALUE[1]\" />\r\n		</div>\r\n	</div>\r\n	<div class=\"form-group\">\r\n		<label class=\"col-sm-2 control-label\" for=\"anchor\">Anker (keine Sonderzeichen, Leerzeichen, etc.)</label>\r\n		<div class=\"col-sm-10\">\r\n			<input class=\"form-control\" id=\"anchor\" type=\"text\" name=\"REX_INPUT_VALUE[2]\" value=\"REX_VALUE[2]\" />\r\n		</div>\r\n	</div>\r\n</fieldset>','2017-08-02 07:52:58','admin','2019-05-03 11:13:17','admin','',0),
  (2,NULL,'01 . Header','<?php\r\n// REX_VALUE[11] bestimmt, ob Farb- oder Verlaufsfilter\r\n// REX_VALUE[12] definiert die Deckkraft\r\necho \'\r\n<div class=\"section section-header\">\r\n    <div class=\"parallax pattern-image filter filter-REX_VALUE[11] opREX_VALUE[12]\">\';\r\n\r\n		// Partikel-Animation nur zeigen, wenn ausgewählt und kein Video (wegen Performance). Außerdem nicht im Backend zeigen\r\n		if (!rex::isBackend() && \"REX_VALUE[18]\" == \'1\' && \"REX_VALUE[9]\" == \'photo\') {\r\n			echo \'\r\n			<div class=\"particle\"></div>\';\r\n		}\r\n\r\n		// Foto als Hintergrund\r\n		if (\"REX_VALUE[9]\" == \'photo\') {\r\n\r\n            if (\"REX_MEDIA[1]\" != \'\') {\r\n                $media = rex_media::get(\"REX_MEDIA[1]\");\r\n                $mediatitle = $media->getValue(\'title\');\r\n                echo \'\r\n				<img src=\"\'.rex_url::base(\'index.php?rex_media_type=header&rex_media_file=REX_MEDIA[1]\').\'\" style=\"position: relative; z-index: 1;\" alt=\"\'.$mediatitle.\'\">\';\r\n	        }\r\n\r\n		} else {\r\n\r\n    		// Video als Hintergrund\r\n			if (\"REX_MEDIA[2]\" != \'\') {\r\n				echo \'\r\n				<video class=\"bgvid\" preload=\"auto\" loop=\"loop\" autoplay=\"false\" muted=\"muted\" volume=\"0\">\r\n				<source src=\"\'.rex_url::base(\'media/REX_MEDIA[2]\').\'\" type=\"video/mp4\">Video not supported</video>\';\r\n			}\r\n\r\n		}\r\n\r\n		echo \'\r\n        <div class=\"container\">\r\n		    <div class=\"content\">\';\r\n			?>\r\n\r\n				REX_VALUE[id=\'1\' prefix=\'<p>\' suffix=\'</p>\']\r\n				REX_VALUE[id=\'2\' prefix=\'<h1>\' suffix=\'</h1>\']\r\n\r\n				<?php\r\n				// Trennstrich\r\n				if (\"REX_VALUE[3]\" != \'\') {\r\n					echo \'\r\n					<div class=\"separator-container\">\r\n						<div class=\"separator line-separator\"><span>\'.rex::getProperty(\'sep_char\').\'</span></div>\r\n					</div>\r\n					REX_VALUE[id=\"3\" prefix=\"<h5>\" suffix=\"</h5>\"]\';\r\n				}\r\n\r\n			echo \'\r\n            </div>\r\n        </div>\r\n    </div>\';\r\n\r\n	// Scroll-Pfeil anzeigen, falls ausgewählt. Es wird dann zum Ende dieses Moduls gescrollt.\r\n    if (\"REX_VALUE[17]\" != \'1\') {\r\n		echo \'\r\n	    <a href=\"next-REX_SLICE_ID\" data-scroll=\"true\" data-id=\"#next-REX_SLICE_ID\" class=\"scroll-arrow hidden-xs hidden-sm\">\r\n            <i class=\"fa fa-angle-down\"></i>\r\n        </a>\';\r\n	}\r\n\r\n// Anker als Scroll-Ziel\r\necho \'\r\n</div>\r\n<div id=\"next-REX_SLICE_ID\" class=\"scroll-anchor\"></div>\';\r\n\r\n// Partikelskript aufrufen, falls ausgewählt\r\nif (!rex::isBackend() && \"REX_VALUE[18]\" == \'1\' && \"REX_VALUE[9]\" == \'photo\') { ?>\r\n<script>\r\n    $(function(){\r\n        $(\".particle\").jParticle({\r\n            background: \"#2C3E50\",\r\n            color: \"#fff\"\r\n        });\r\n    });\r\n</script>\r\n<?php } ?>\r\n','<!-- *******************************************************\r\nHEADER\r\n******************************************************** -->\r\n\r\n<fieldset class=\"form-horizontal distance\">\r\n	<legend>Intro-Block</legend>\r\n	<?php\r\n    if (!rex_addon::get(\'demo_onepage\')->isAvailable()) {\r\n        echo \"Dieses Modul benötigt das AddOn \'demo_onepage\'\";\r\n        return;\r\n    } else {\r\n        $fragment = new rex_fragment();\r\n        $fragment->setVar(\'intro\',REX_VALUE[1]);\r\n        $fragment->setVar(\'headline\',REX_VALUE[2]);\r\n        $fragment->setVar(\'text\',REX_VALUE[3]);\r\n        echo $fragment->parse(\'introblock.php\');\r\n    }\r\n	?>\r\n\r\n    <legend>Hintergrund</legend>\r\n\r\n    <div class=\"form-group\">\r\n        <label class=\"col-sm-2 control-label\" for=\"choices\">Typ</label>\r\n        <div class=\"col-sm-10\">\r\n			<?php\r\n				$options = array(\r\n				\'photo\'=>\'Foto\',\r\n				\'video\'=>\'Video\'\r\n			);\r\n			?>\r\n            <div class=\"rex-select-style\">\r\n                <select name=\"REX_INPUT_VALUE[9]\" id=\"choices\" class=\"form-control\">\r\n                <?php foreach ($options as $k=>$v) : ?>\r\n                <option value=\"<?php echo $k; ?>\"<?php if ($k == \"REX_VALUE[9]\") echo \' selected=\"selected\"\' ?>><?php echo $v; ?></option>\r\n                <?php endforeach ?>\r\n                </select>\r\n            </div>\r\n        </div>\r\n    </div>\r\n\r\n	<div class=\"photo form-group choice column<?php if (\"REX_VALUE[9]\" == \'photo\') echo \' column-visible\'; ?>\">\r\n		<label class=\"col-sm-2 control-label\">Bild</label>\r\n		<div class=\"col-sm-10\">\r\n			REX_MEDIA[id=\"1\" widget=\"1\"]\r\n		</div>\r\n	</div>\r\n\r\n    <div class=\"photo form-group choice column<?php if (\"REX_VALUE[9]\" == \'photo\') echo \' column-visible\'; ?>\">\r\n        <label class=\"col-sm-2 control-label\" for=\"headline\">Partikel</label>\r\n        <div class=\"col-sm-10\">\r\n            <div class=\"checkbox\">\r\n                <label>\r\n                    <input type=\"checkbox\" name=\"REX_INPUT_VALUE[18]\" value=\"1\"<?php if (\"REX_VALUE[18]\" == \'1\') echo \' checked\'; ?>>\r\n                    ja\r\n                </label>\r\n            </div>\r\n        </div>\r\n    </div>\r\n\r\n	<div class=\"video form-group choice column<?php if (\"REX_VALUE[9]\" == \'video\') echo \' column-visible\'; ?>\">\r\n        <label class=\"col-sm-2 control-label\">Video (mp4)</label>\r\n        <div class=\"col-sm-10\">\r\n            REX_MEDIA[id=\"2\" widget=\"1\"]\r\n        </div>\r\n	</div><br>\r\n\r\n	<legend>Overlay</legend>\r\n    <div class=\"form-group\">\r\n        <label class=\"col-sm-2 control-label\">Filtertyp</label>\r\n        <div class=\"col-sm-10\">\r\n			<?php\r\n				$options = array(\r\n				\'color\'=>\'Farbfilter\',\r\n				\'gradient\'=>\'Verlaufsfilter\'\r\n			);\r\n			?>\r\n            <div class=\"rex-select-style\">\r\n                <select name=\"REX_INPUT_VALUE[11]\" class=\"form-control\">\r\n                <?php foreach ($options as $k=>$v) : ?>\r\n                <option value=\"<?php echo $k; ?>\"<?php if ($k == \"REX_VALUE[11]\") echo \' selected=\"selected\"\' ?>><?php echo $v; ?></option>\r\n                <?php endforeach ?>\r\n                </select>\r\n            </div>\r\n        </div>\r\n    </div>\r\n\r\n	<div class=\"form-group\">\r\n        <label class=\"col-sm-2 control-label\">Deckkraft</label>\r\n        <div class=\"col-sm-10\">\r\n			<?php\r\n				$options = array(\r\n				\'0\'=>\'0%\',\r\n				\'1\'=>\'10%\',\r\n				\'2\'=>\'20%\',\r\n				\'3\'=>\'30%\',\r\n				\'4\'=>\'40%\',\r\n				\'5\'=>\'50%\',\r\n				\'6\'=>\'60%\',\r\n				\'7\'=>\'70%\',\r\n				\'8\'=>\'80%\',\r\n				\'9\'=>\'90%\',\r\n			);\r\n			?>\r\n            <div class=\"rex-select-style\">\r\n                <select name=\"REX_INPUT_VALUE[12]\" class=\"form-control\">\r\n                <?php foreach ($options as $k=>$v) : ?>\r\n                <option value=\"<?php echo $k; ?>\"<?php if ($k == \"REX_VALUE[12]\") echo \' selected=\"selected\"\' ?>><?php echo $v; ?></option>\r\n                <?php endforeach ?>\r\n                </select>\r\n            </div>\r\n        </div>\r\n    </div>\r\n\r\n    <div class=\"form-group\">\r\n        <label class=\"col-sm-2 control-label\" for=\"headline\">Scroll-Pfeil</label>\r\n        <div class=\"col-sm-10\">\r\n            <div class=\"checkbox\">\r\n                <label>\r\n                    <input type=\"checkbox\" name=\"REX_INPUT_VALUE[17]\" value=\"1\"<?php if (\"REX_VALUE[17]\" == \'1\') echo \' checked\'; ?>>\r\n                    ausblenden\r\n                </label>\r\n            </div>\r\n        </div>\r\n    </div>\r\n\r\n</fieldset>\r\n\r\n<script type=\"text/javascript\">\r\n    jQuery(function() {\r\n        $(\'#choices\').change(function(){\r\n            $(\'.choice\').removeClass(\'column-visible\');\r\n            $(\'.\' + $(this).val()).addClass(\'column-visible\');\r\n        });\r\n    });\r\n</script>\r\n','2017-08-02 07:54:05','admin','2019-05-03 11:35:49','admin','',0),
  (3,NULL,'02 . Text mit Bildern','<?php\r\n$animate_title = \'\';\r\n$animate_text = \'\';\r\n\r\nif (\"REX_VALUE[19]\" == \'1\') {\r\n	$animate_title = \' animate add-animation\';\r\n	$animate_text = \' animate add-animation animation-1\';\r\n}\r\n?>\r\n<div class=\"section section-textpic-1\">\r\n    <?php if (\"REX_VALUE[1]\" != \'\' || \"REX_VALUE[2]\" != \'\' || \"REX_VALUE[3]\" != \'\') { ?>\r\n        <div class=\"text-area\">\r\n            <div class=\"container\">\r\n                <div class=\"row\">\r\n\r\n                    <?php if (\"REX_VALUE[4]\" == \'columns\') echo \'<div class=\"col-md-4\">\'; ?>\r\n\r\n                        <div class=\"title<?php echo $animate_title; ?>\">\r\n                            REX_VALUE[id=\'1\' prefix=\'<h5 class=\"text-gray\">\' suffix=\'</h5>\']\r\n                            REX_VALUE[id=\'2\' prefix=\'<h2>\' suffix=\'</h2>\']\r\n\r\n                            <?php if (\"REX_VALUE[18]\" == 1) {\r\n								echo \'\r\n                            	<div class=\"separator-container\">\r\n									<div class=\"separator line-separator\">\r\n										<span>\'.rex::getProperty(\'sep_char\').\'</span>\r\n									</div>\r\n								</div>\';\r\n                            }\r\n\r\n                            if (\"REX_VALUE[4]\" == \'columns\') echo \'</div>\'; ?>\r\n\r\n                            <?php if (\"REX_VALUE[4]\" == \'columns\') echo \'</div><div class=\"col-md-7 col-md-offset-1\">\'; ?>\r\n\r\n                            <div class=\"description<?php echo $animate_text; ?>\">\r\n                                <?php\r\n                                if (\'REX_VALUE[id=3 isset=1]\') {\r\n                                    echo markitup::parseOutput(\'textile\', \'REX_VALUE[id=3 output=\"html\"]\');\r\n                                }\r\n                                ?>\r\n                            </div>\r\n                            <?php if (\"REX_VALUE[4]\" != \'columns\') echo \'</div>\'; ?>\r\n\r\n                    <?php if (\"REX_VALUE[4]\" == \'columns\') echo \'</div>\'; ?>\r\n\r\n                </div>\r\n\r\n                <?php\r\n				// Code-Darstellung\r\n                if (\'REX_VALUE[id=6 isset=1]\') {\r\n                echo \'<pre class=\"prettyprint lnaghtml linenums\">REX_VALUE[6]</pre>\';\r\n                }\r\n                ?>\r\n\r\n            </div>\r\n        </div>\r\n    <?php } ?>\r\n	<?php\r\n    $pictures = \'\';\r\n	switch (\"REX_VALUE[5]\") {\r\n		case \'two-pics\': // zwei Bilder nebeneinander\r\n			if (\"REX_MEDIA[1]\" != \'\' && \"REX_MEDIA[2]\" != \'\') {\r\n				$media1 = rex_media::get(\"REX_MEDIA[1]\");\r\n				$mediatitle1 = $media1->getValue(\'title\');\r\n				$media2 = rex_media::get(\"REX_MEDIA[2]\");\r\n				$mediatitle2 = $media2->getValue(\'title\');\r\n				$pictures = \'\r\n				<div class=\"container\">\r\n					 <div class=\"row\">\r\n						 <div class=\"col-md-4 col-md-offset-2\">\r\n							 <div class=\"card add-animation-stopped animation-1 animate\">\r\n								 <img alt=\"\' . $mediatitle1 . \'\" src=\"index.php?rex_media_type=content&rex_media_file=REX_MEDIA[1]\">\r\n							 </div>\r\n						 </div>\r\n						 <div class=\"col-md-4\">\r\n							 <div class=\"card add-animation-stopped animation-2 animate\">\r\n								 <img alt=\"\' . $mediatitle2 . \'\" src=\"index.php?rex_media_type=content&rex_media_file=REX_MEDIA[2]\">\r\n							 </div>\r\n						 </div>\r\n					 </div>\r\n				</div>\';\r\n			}\r\n			break;\r\n\r\n		case \'three-pics\': // drei Bilder nebeneinander\r\n			if (\"REX_MEDIA[1]\" != \'\' && \"REX_MEDIA[2]\" != \'\' && \"REX_MEDIA[3]\" != \'\') {\r\n				$media1 = rex_media::get(\"REX_MEDIA[1]\");\r\n				$mediatitle1 = $media1->getValue(\'title\');\r\n				$media2 = rex_media::get(\"REX_MEDIA[2]\");\r\n				$mediatitle2 = $media2->getValue(\'title\');\r\n				$media3 = rex_media::get(\"REX_MEDIA[3]\");\r\n				$mediatitle3 = $media3->getValue(\'title\');\r\n				$pictures = \'\r\n				<div class=\"container\">\r\n					<div class=\"row\">\r\n						<div class=\"col-md-10 col-md-offset-1\">\r\n							<div class=\"row\">\r\n								<div class=\"col-md-4\">\r\n									<div class=\"card add-animation-stopped animation-1 animate\">\r\n										<img alt=\"\' . $mediatitle1 . \'\" src=\"index.php?rex_media_type=content&rex_media_file=REX_MEDIA[1]\">\r\n									</div>\r\n								</div>\r\n								<div class=\"col-md-4\">\r\n									<div class=\"card add-animation-stopped animation-2 animate\">\r\n										<img alt=\"\' . $mediatitle2 . \'\" src=\"index.php?rex_media_type=content&rex_media_file=REX_MEDIA[2]\">\r\n									</div>\r\n								</div>\r\n								<div class=\"col-md-4\">\r\n									<div class=\"card add-animation-stopped animation-3 animate\">\r\n										<img alt=\"\' . $mediatitle3 . \'\" src=\"index.php?rex_media_type=content&rex_media_file=REX_MEDIA[3]\">\r\n									</div>\r\n								</div>\r\n							</div>\r\n						</div>\r\n					</div>\r\n				</div>\';\r\n			}\r\n			break;\r\n\r\n			case\r\n				\'pic-fullwidth\': // Bild volle Breite\r\n			if (\"REX_MEDIA[1]\" != \'\') {\r\n				$media = rex_media::get(\"REX_MEDIA[1]\");\r\n				$mediatitle = $media->getValue(\'title\');\r\n				$pictures = \'\r\n				<div class=\"parallax full-image pattern-image\">\r\n					 <img alt=\"\' . $mediatitle . \'\" class=\"parallax-img\" src=\"index.php?rex_media_type=parallax&rex_media_file=REX_MEDIA[1]\">\r\n				</div>\';\r\n			}\r\n			break;\r\n\r\n			default: // Galerie\r\n				if (\"REX_MEDIALIST[1]\" != \'\') {\r\n					$imagelist = explode(\',\', \"REX_MEDIALIST[1]\");\r\n					$pictures = \'\r\n					<div id=\"carousel\">\r\n						 <div id=\"carousel-example\" class=\"carousel slide add-animation animation-1\" data-interval=\"20000\">\r\n							 <!-- Wrapper for slides -->\r\n							 <div class=\"carousel-inner pattern-image animate\">\';\r\n\r\n                                $i = 1;\r\n					            foreach ($imagelist as $file) {\r\n                                    $media = rex_media::get($file);\r\n                                    $mediatitle = $media->getValue(\'title\');\r\n									$active = ($i == 1) ? \' active\' : \'\';\r\n                                    if ($media) {\r\n\r\n							            $pictures .= \'\r\n                                        <div class=\"item\' . $active . \'\">\r\n                                            <img alt=\"\' . $mediatitle . \'\" class=\"full-image\" src=\"index.php?rex_media_type=fullwidth&rex_media_file=\' . $file . \'\">\r\n                                        </div>\';\r\n						            }\r\n						            $i++;\r\n					            }\r\n\r\n                                $pictures .= \'\r\n				           </div>\r\n                            <!-- Controls -->\r\n                            <a class=\"left carousel-control\" href=\"#carousel-example\" data-slide=\"prev\"><span class=\"fa fa-angle-left hidden-md hidden-lg\"></span></a>\r\n                            <a class=\"right carousel-control\" href=\"#carousel-example\" data-slide=\"next\"><span class=\"fa fa-angle-right hidden-ms hidden-lg\"></span></a>\r\n                        </div>\r\n                    </div>\';\r\n				}\r\n			break;\r\n	    }\r\n\r\n	echo $pictures;\r\n	?>\r\n</div>\r\n','<!-- *******************************************************\r\nTEXT MIT BILDERN\r\n******************************************************** -->\r\n\r\n<fieldset class=\"form-horizontal\">\r\n	<legend>Animation</legend>\r\n	<div class=\"form-group\">\r\n		<label class=\"col-sm-2 control-label\" for=\"headline\">Einblenden?</label>\r\n		<div class=\"col-sm-10\">\r\n			<div class=\"checkbox\">\r\n				<label>\r\n					<input type=\"checkbox\" name=\"REX_INPUT_VALUE[19]\" value=\"1\"<?php if (\"REX_VALUE[19]\" == \'1\') echo \' checked\'; ?>>\r\n					ja\r\n				</label>\r\n			</div>\r\n		</div>\r\n	</div>\r\n\r\n    <div class=\"form-group\">\r\n        <label class=\"col-sm-2 control-label\" for=\"layout\">Layout</label>\r\n        <div class=\"col-sm-10\">\r\n			<?php\r\n			$options = array(\r\n				\'\'=>\'Intro/Überschrift und Text untereinander\',\r\n				\'columns\'=>\'Intro/Überschrift und Text in Spalten nebeneinander\'\r\n			);\r\n			?>\r\n            <div class=\"rex-select-style\">\r\n                <select name=\"REX_INPUT_VALUE[4]\" id=\"layout\" class=\"form-control\">\r\n					<?php foreach ($options as $k=>$v) : ?>\r\n                        <option value=\"<?php echo $k; ?>\"<?php if ($k == \"REX_VALUE[4]\") echo \' selected=\"selected\"\' ?>><?php echo $v; ?></option>\r\n					<?php endforeach ?>\r\n                </select>\r\n            </div>\r\n        </div>\r\n    </div>\r\n</fieldset>\r\n\r\n<fieldset class=\"form-horizontal\">\r\n	<legend>Intro-Block</legend>\r\n	<?php\r\n    if (!rex_addon::get(\'demo_onepage\')->isAvailable()) {\r\n        echo \"Dieses Modul benötigt das AddOn \'demo_onepage\'\";\r\n		return;\r\n	} else {\r\n		$fragment = new rex_fragment();\r\n		$fragment->setVar(\'intro\',REX_VALUE[1]);\r\n		$fragment->setVar(\'headline\',REX_VALUE[2]);\r\n		$fragment->setVar(\'text\',REX_VALUE[3]);\r\n		echo $fragment->parse(\'introblock.php\');\r\n	}\r\n	?>\r\n\r\n	<div class=\"form-group\">\r\n		<label class=\"col-sm-2 control-label\" for=\"headline\">Trennlinie</label>\r\n		<div class=\"col-sm-10\">\r\n			<div class=\"checkbox\">\r\n				<label>\r\n					<input type=\"checkbox\" name=\"REX_INPUT_VALUE[18]\" value=\"1\"<?php if (\"REX_VALUE[18]\" == \'1\') echo \' checked\'; ?>>\r\n					ja\r\n				</label>\r\n			</div>\r\n		</div>\r\n	</div>\r\n\r\n    <div class=\"form-group\">\r\n        <label class=\"col-sm-2 control-label\" for=\"code\">Code</label>\r\n        <div class=\"col-sm-10\">\r\n            <textarea cols=\"1\" rows=\"6\" class=\"codemirror form-control\" codemirror-theme=\"themename\" und codemirror-mode=\"php/htmlmixed\" id=\"code\" name=\"REX_INPUT_VALUE[6]\">REX_VALUE[6]</textarea>\r\n        </div>\r\n    </div>\r\n</fieldset>\r\n\r\n<br><br>\r\n<fieldset class=\"form-horizontal\">\r\n	<legend>Bildanordnung</legend>\r\n\r\n	<section class=\"rex-page-section\">\r\n		 <div class=\"panel panel-default\">\r\n\r\n			 <header class=\"panel-heading collapsed\" data-toggle=\"collapse\" data-target=\"#collapse-REX_SLICE_ID\" aria-expanded=\"false\">\r\n				<div class=\"panel-title\"><i class=\"rex-icon rex-icon-info\"></i> Hinweis</div>\r\n			</header>\r\n\r\n			 <div id=\"collapse-REX_SLICE_ID\" class=\"panel-collapse collapse\" aria-expanded=\"false\" style=\"height: 0px;\">\r\n\r\n				 <div class=\"panel-body\" style=\"background: #f3f6fb;\">\r\n					 <ul>\r\n						<li>Wird nur Bild 1 definiert, wird dies in voller Breite und mit Parallax angezeigt.</li>\r\n						<li>Werden Bild 1 und Bild 2 definiert, werden diese in Content-Breite in zwei Spalten angezeigt.</li>\r\n						<li>Werden Bild 1, Bild 2 und Bild 3 definiert, werden diese in Content-Breite in drei Spalten angezeigt.</li>\r\n						<li>Werden Bilder im Slider-Feld definiert, werden diese stattdessen in einem Carousel angezeigt.</li>\r\n					 </ul>\r\n				</div>\r\n			 </div>\r\n		 </div>\r\n	</section>\r\n\r\n	<div class=\"form-group\">\r\n		<label class=\"col-sm-2 control-label\" for=\"layout\">Bildanzeige</label>\r\n		<div class=\"col-sm-10\">\r\n			<?php\r\n			$options = array(\r\n				\'two-pics\'=>\'zwei Bildspalten\',\r\n				\'three-pics\'=>\'drei Bildspalten\',\r\n				\'pic-fullwidth\'=>\'ein Bild in voller Breite\',\r\n				\'slider-fullwidth\'=>\'Bildslider in voller Breite\'\r\n			);\r\n			?>\r\n			<div class=\"rex-select-style\">\r\n				<select name=\"REX_INPUT_VALUE[5]\" id=\"pic-layout\" class=\"form-control\">\r\n					<?php foreach ($options as $k=>$v) : ?>\r\n						<option value=\"<?php echo $k; ?>\"<?php if ($k == \"REX_VALUE[5]\") echo \' selected=\"selected\"\' ?>><?php echo $v; ?></option>\r\n					<?php endforeach ?>\r\n				</select>\r\n			</div>\r\n		</div>\r\n	</div>\r\n\r\n	<div class=\"form-group select-default-show select-slider-fullwidth-hide\">\r\n		<label class=\"col-sm-2 control-label\">Bild 1</label>\r\n		<div class=\"col-sm-10\">\r\n			REX_MEDIA[id=\"1\" widget=\"1\"]\r\n		</div>\r\n	</div>\r\n	<div class=\"form-group select-default-show select-pic-fullwidth-hide select-slider-fullwidth-hide\">\r\n		<label class=\"col-sm-2 control-label\">Bild 2</label>\r\n		<div class=\"col-sm-10\">\r\n			REX_MEDIA[id=\"2\" widget=\"1\"]\r\n		</div>\r\n	</div>\r\n	<div class=\"form-group select-default-hide select-three-pics-show\">\r\n		<label class=\"col-sm-2 control-label\">Bild 3</label>\r\n		<div class=\"col-sm-10\">\r\n			REX_MEDIA[id=\"3\" widget=\"1\"]\r\n		</div>\r\n	</div>\r\n\r\n	<div class=\"form-group select-default-hide select-slider-fullwidth-show\">\r\n		<label class=\"col-sm-2 control-label\">Slider</label>\r\n		<div class=\"col-sm-10\">\r\n			REX_MEDIALIST[id=\"1\" widget=\"1\"]\r\n		</div>\r\n	</div>\r\n\r\n</fieldset>\r\n\r\n<script>\r\n    $(\'#pic-layout\').change(function() {\r\n        $(\'.select-default-hide\').hide();\r\n        $(\'.select-default-show\').show();\r\n\r\n        $(\'.select-\' + $(this).val() + \'-show\').show();\r\n        $(\'.select-\' + $(this).val() + \'-hide\').hide();\r\n    }).change();\r\n</script>','2017-08-02 07:54:55','admin','2019-05-03 11:36:02','admin','',0),
  (4,NULL,'03 . Text in Spalten','<?php\r\n$animate_title = \'\';\r\n$animate_text1 = \'\';\r\n$animate_text2 = \'\';\r\n$animate_text3 = \'\';\r\n\r\nif (\"REX_VALUE[19]\" == \'1\') {\r\n	$animate_title = \' animate add-animation\';\r\n	$animate_text1 = \' animate add-animation animation-1\';\r\n	$animate_text2 = \' animate add-animation animation-2\';\r\n	$animate_text3 = \' animate add-animation animation-3\';\r\n}\r\n?>\r\n<!-- Section \"Text in Spalten\"  -->\r\n<?php\r\n$icon1 = (\"REX_VALUE[1]\"  != \'\') ? \'<div class=\"icon\"><i class=\"REX_VALUE[1]\"></i></div>\'  : \'<h5 class=\"text-gray\">01.</h5>\';\r\n$icon2 = (\"REX_VALUE[4]\"  != \'\') ? \'<div class=\"icon\"><i class=\"REX_VALUE[4]\"></i></div>\'  : \'<h5 class=\"text-gray\">02.</h5>\';\r\n$icon3 = (\"REX_VALUE[7]\"  != \'\') ? \'<div class=\"icon\"><i class=\"REX_VALUE[7]\"></i></div>\'  : \'<h5 class=\"text-gray\">03.</h5>\';\r\n\r\n$headline1 = (\"REX_VALUE[2]\"  != \'\') ? \'<h3>REX_VALUE[2]</h3>\'  : \'\';\r\n$headline2 = (\"REX_VALUE[5]\"  != \'\') ? \'<h3>REX_VALUE[5]</h3>\'  : \'\';\r\n$headline3 = (\"REX_VALUE[8]\"  != \'\') ? \'<h3>REX_VALUE[8]</h3>\'  : \'\';\r\n\r\n$text1 = (\'REX_VALUE[id=3 isset=1]\')  ? markitup::parseOutput(\'textile\', \'REX_VALUE[id=3 output=\"html\"]\')  : \'\';\r\n$text2 = (\'REX_VALUE[id=6 isset=1]\')  ? markitup::parseOutput(\'textile\', \'REX_VALUE[id=6 output=\"html\"]\')  : \'\';\r\n$text3 = (\'REX_VALUE[id=9 isset=1]\')  ? markitup::parseOutput(\'textile\', \'REX_VALUE[id=9 output=\"html\"]\')  : \'\';\r\n?>\r\n\r\n<div class=\"section section-we-do-1\">\r\n    <div class=\"text-area\">\r\n        <div class=\"container\">\r\n\r\n            <div class=\"row\">\r\n                <div class=\"title<?php echo $animate_title; ?>\">\r\n                    REX_VALUE[id=\'16\' prefix=\'<h5 class=\"text-gray\">\' suffix=\'</h5>\']\r\n                    REX_VALUE[id=\'17\' prefix=\'<h2>\' suffix=\'</h2>\']\r\n                    <div class=\"separator-container\">\r\n                        <div class=\"separator line-separator\"><span><?php echo rex::getProperty(\'sep_char\'); ?></span></div>\r\n                    </div>\r\n					<?php\r\n					if (\'REX_VALUE[id=18 isset=1]\') {\r\n						echo markitup::parseOutput(\'textile\', \'REX_VALUE[id=18 output=\"html\"]\');\r\n					}\r\n					?>\r\n                </div>\r\n            </div>\r\n            <div class=\"row\">\r\n                <?php\r\n                if (\"REX_VALUE[15]\" == 2) {\r\n                    echo \'\r\n                    <div class=\"col-md-6\">\r\n                        <div class=\"card\'.$animate_text1.\'\">\r\n                            \'.$icon1.$headline1.$text1.\'\r\n                        </div>\r\n                    </div>\r\n                    <div class=\"col-md-6\">\r\n                        <div class=\"card\'.$animate_text2.\'\">\r\n                            \'.$icon2.$headline2.$text2.\'\r\n                        </div>\r\n                    </div>\';\r\n                } elseif (\"REX_VALUE[15]\" == 3) {\r\n                    echo \'\r\n                    <div class=\"col-md-4\">\r\n                        <div class=\"card\'.$animate_text1.\'\">\r\n                            \'.$icon1.$headline1.$text1.\'\r\n                        </div>\r\n                    </div>\r\n                    <div class=\"col-md-4\">\r\n                        <div class=\"card\'.$animate_text2.\'\">\r\n                            \'.$icon2.$headline2.$text2.\'\r\n                        </div>\r\n                    </div>\r\n                    <div class=\"col-md-4\">\r\n                        <div class=\"card\'.$animate_text3.\'\">\r\n                            \'.$icon3.$headline3.$text3.\'\r\n                        </div>\r\n                    </div>\';\r\n                } else {\r\n                    echo \'\r\n                    <div class=\"col-md-12\">\r\n                        <div class=\"card\'.$animate_text1.\'\">\r\n                            \'.$icon1.$headline1.$text1.\'\r\n                        </div>\r\n                    </div>\';\r\n                }\r\n                ?>\r\n            </div>\r\n\r\n        </div>\r\n    </div>\r\n</div>\r\n<!-- End Section \"Text in Spalten\" -->\r\n','<!-- *******************************************************\r\nTEASERKÄSTEN\r\n******************************************************** -->\r\n\r\n<fieldset class=\"form-horizontal\">\r\n	<legend>Animation</legend>\r\n	<div class=\"form-group\">\r\n		<label class=\"col-sm-2 control-label\" for=\"headline\">Einblenden?</label>\r\n		<div class=\"col-sm-10\">\r\n			<div class=\"checkbox\">\r\n				<label>\r\n					<input type=\"checkbox\" name=\"REX_INPUT_VALUE[19]\" value=\"1\"<?php if (\"REX_VALUE[19]\" == \'1\') echo \' checked\'; ?>>\r\n					ja\r\n				</label>\r\n			</div>\r\n		</div>\r\n	</div>\r\n</fieldset>\r\n\r\n<fieldset class=\"form-horizontal\">\r\n	<legend>Intro-Block</legend>\r\n	<div class=\"form-group\">\r\n		<label class=\"col-sm-2 control-label\" for=\"subheadhead\">Untertitel</label>\r\n		<div class=\"col-sm-10\">\r\n			<input class=\"form-control\" id=\"subhead\" type=\"text\" name=\"REX_INPUT_VALUE[16]\" value=\"REX_VALUE[16]\">\r\n		</div>\r\n	</div>\r\n\r\n	<div class=\"form-group\">\r\n		<label class=\"col-sm-2 control-label\" for=\"headl\">Titel</label>\r\n		<div class=\"col-sm-10\">\r\n			<input class=\"form-control\" id=\"head\" type=\"text\" name=\"REX_INPUT_VALUE[17]\" value=\"REX_VALUE[17]\">\r\n		</div>\r\n	</div>\r\n    <div class=\"form-group\">\r\n        <label class=\"col-sm-2 control-label\" for=\"markitup_intro\">Text</label>\r\n        <div class=\"col-sm-10\">\r\n            <textarea cols=\"1\" rows=\"6\" class=\"form-control markitupEditor-textile_full\" id=\"markitup_intro\" name=\"REX_INPUT_VALUE[18]\">REX_VALUE[18]</textarea>\r\n        </div>\r\n    </div>\r\n\r\n	<?php\r\n	// Lese Wert für Spalten als ganze Zahl (Integer) aus\r\n	$columns = (int)\"REX_VALUE[15]\";\r\n\r\n	// Wenn Wert für Spalten noch nicht gesetzt war, starte mit 1 Spalte\r\n	if ($columns == 0) $columns = 1;\r\n	?>\r\n\r\n    <legend>Spalten</legend>\r\n\r\n    <div class=\"form-group\" id=\"choice\">\r\n        <div class=\"col-sm-2 control-label col-sm-offset-2\">\r\n            <label>\r\n                <input type=\"radio\" name=\"REX_INPUT_VALUE[15]\" value=\"1\"<?php if ($columns == 1) echo \" checked\"; ?>>\r\n                1 Spalte\r\n            </label>\r\n        </div>\r\n        <div class=\"col-sm-2 control-label\">\r\n            <label>\r\n                <input type=\"radio\" name=\"REX_INPUT_VALUE[15]\" value=\"2\"<?php if ($columns == 2) echo \" checked\"; ?>>\r\n                2 Spalten\r\n            </label>\r\n        </div>\r\n        <div class=\"col-sm-2 control-label\">\r\n            <label>\r\n                <input type=\"radio\" name=\"REX_INPUT_VALUE[15]\" value=\"3\"<?php if ($columns == 3) echo \" checked\"; ?>>\r\n                3 Spalten\r\n            </label>\r\n        </div>\r\n    </div>\r\n</fieldset>\r\n\r\n<div class=\"column column-visible\">\r\n    <fieldset class=\"form-horizontal\">\r\n        <legend>1. Spalte</legend>\r\n        <div class=\"form-group\">\r\n            <label class=\"col-sm-2 control-label\" for=\"icon1\">Icon</label>\r\n            <div class=\"col-sm-10\">\r\n                <input class=\"form-control\" id=\"icon1\" type=\"text\" name=\"REX_INPUT_VALUE[1]\" value=\"REX_VALUE[1]\">\r\n\r\n                <br><section class=\"rex-page-section\">\r\n                    <div class=\"panel panel-default\">\r\n\r\n                        <header class=\"panel-heading collapsed\" data-toggle=\"collapse\" data-target=\"#collapse-REX_SLICE_ID\" aria-expanded=\"false\">\r\n                            <div class=\"panel-title\"><i class=\"rex-icon rex-icon-info\"></i> Hinweis zur Eingabe der Icons</div>\r\n                        </header>\r\n\r\n                        <div id=\"collapse-REX_SLICE_ID\" class=\"panel-collapse collapse\" aria-expanded=\"false\" style=\"height: 0px;\">\r\n\r\n                            <div class=\"panel-body\" style=\"background: #f3f6fb;\">\r\n                                <ul>\r\n                                    <li>Diese Demo verwendet Icons des Font-Zeichensatzes \"PE-icon-7-stroke\":<br>\r\n                                        <a href=\"http://themes-pixeden.com/font-demos/7-stroke/\" target=\"_blank\">http://themes-pixeden.com/font-demos/7-stroke/</a></li>\r\n                                    <li>Dazu bitte einfach den CSS-Klassennamne des gewünschten Icons eingeben.</li>\r\n                                    <li>Wenn das Feld leer bleibt, wird eine Nummerierung verwendet.</li>\r\n                                </ul>\r\n                            </div>\r\n                        </div>\r\n                    </div>\r\n                </section>\r\n\r\n            </div>\r\n        </div>\r\n\r\n        <div class=\"form-group\">\r\n            <label class=\"col-sm-2 control-label\" for=\"headline1\">Überschrift</label>\r\n            <div class=\"col-sm-10\">\r\n                <input class=\"form-control\" id=\"headline1\" type=\"text\" name=\"REX_INPUT_VALUE[2]\" value=\"REX_VALUE[2]\">\r\n            </div>\r\n        </div>\r\n\r\n        <div class=\"form-group\">\r\n            <label class=\"col-sm-2 control-label\" for=\"markitup_textile_1\">Text</label>\r\n            <div class=\"col-sm-10\">\r\n                <textarea cols=\"1\" rows=\"6\" class=\"form-control markitupEditor-textile_full\" id=\"markitup_textile_1\" name=\"REX_INPUT_VALUE[3]\">REX_VALUE[3]</textarea>\r\n            </div>\r\n        </div>\r\n    </fieldset>\r\n</div>\r\n\r\n<div class=\"column<?php if ($columns >= 2) echo \" column-visible\"; ?>\">\r\n    <fieldset class=\"form-horizontal\">\r\n        <legend>2. Spalte</legend>\r\n        <div class=\"form-group\">\r\n            <label class=\"col-sm-2 control-label\" for=\"icon2\">Icon</label>\r\n            <div class=\"col-sm-10\">\r\n                <input class=\"form-control\"  type=\"text\" name=\"REX_INPUT_VALUE[4]\" value=\"REX_VALUE[4]\">\r\n            </div>\r\n        </div>\r\n\r\n        <div class=\"form-group\">\r\n            <label class=\"col-sm-2 control-label\" for=\"headline2\">Überschrift</label>\r\n            <div class=\"col-sm-10\">\r\n                <input class=\"form-control\" id=\"headline2\" type=\"text\" name=\"REX_INPUT_VALUE[5]\" value=\"REX_VALUE[5]\">\r\n            </div>\r\n        </div>\r\n\r\n        <div class=\"form-group\">\r\n            <label class=\"col-sm-2 control-label\" for=\"markitup_textile_2\">Text</label>\r\n            <div class=\"col-sm-10\">\r\n                <textarea cols=\"1\" rows=\"6\" class=\"form-control markitupEditor-textile_full\" id=\"markitup_textile_2\" name=\"REX_INPUT_VALUE[6]\">REX_VALUE[6]</textarea>\r\n            </div>\r\n        </div>\r\n    </fieldset>\r\n</div>\r\n\r\n<div class=\"column<?php if ($columns >= 3) echo \" column-visible\"; ?>\">\r\n    <fieldset class=\"form-horizontal\">\r\n        <legend>3. Spalte</legend>\r\n        <div class=\"form-group\">\r\n            <label class=\"col-sm-2 control-label\" for=\"icon3\">Icon</label>\r\n            <div class=\"col-sm-10\">\r\n                <input class=\"form-control\" id=\"icon3\" type=\"text\" name=\"REX_INPUT_VALUE[7]\" value=\"REX_VALUE[7]\">\r\n            </div>\r\n        </div>\r\n\r\n        <div class=\"form-group\">\r\n            <label class=\"col-sm-2 control-label\" for=\"headline3\">Überschrift</label>\r\n            <div class=\"col-sm-10\">\r\n                <input class=\"form-control\" id=\"headline3\" type=\"text\" name=\"REX_INPUT_VALUE[8]\" value=\"REX_VALUE[8]\">\r\n            </div>\r\n        </div>\r\n\r\n        <div class=\"form-group\">\r\n            <label class=\"col-sm-2 control-label\" for=\"markitup_textile_3\">Text</label>\r\n            <div class=\"col-sm-10\">\r\n                <textarea cols=\"1\" rows=\"6\" class=\"form-control markitupEditor-textile_full\" id=\"markitup_textile_3\" name=\"REX_INPUT_VALUE[9]\">REX_VALUE[9]</textarea>\r\n            </div>\r\n        </div>\r\n    </fieldset>\r\n</div>\r\n\r\n<script>\r\n    (function ($) {\r\n        $(function () {\r\n\r\n            $(\'input[type=radio]\', \'#choice\').change(function () {\r\n                var choice = this.value;\r\n                $(\'.column\').each(function (i) {\r\n                    if (i < choice) {\r\n                        $(this).addClass(\'column-visible\');\r\n                    }\r\n                    else {\r\n                        $(this).removeClass(\'column-visible\');\r\n                    }\r\n                });\r\n            });\r\n\r\n        })\r\n    }(jQuery));\r\n</script>\r\n\r\n','2017-08-02 07:55:24','admin','2019-05-03 13:16:36','admin','',0),
  (5,NULL,'04 . Projekte','<?php\r\n/* Das Modul nutzt das AddOn MBlock.\r\nUm die via MBlock eingegebenen Daten strukturiert auszulesen, die folgenden drei Zeilen auskommentieren:  */\r\n/*\r\necho \'<pre>\';\r\nprint_r(rex_var::toArray(\"REX_VALUE[10]\"));\r\necho \'</pre>\';\r\n*/\r\n\r\n$animate_title = \'\';\r\n$animate_text = \'\';\r\n\r\nif (\"REX_VALUE[19]\" == \'1\') {\r\n	$animate_title = \' animate add-animation\';\r\n	$animate_text = \' animate add-animation animation-1\';\r\n}\r\n\r\n$section_class = (\"REX_VALUE[5]\" == \'content\') ? \'section-we-made-3\' : \'section-we-made-1\';\r\n?>\r\n\r\n<!-- Section \"Projekte\" -->\r\n<div class=\"section <?php echo $section_class; ?> section-with-hover projects\">\r\n    <div class=\"text-area\">\r\n        <div class=\"title<?php echo $animate_title; ?>\">\r\n            REX_VALUE[id=\'1\' prefix=\'<h5 class=\"text-gray\">\' suffix=\'</h5>\']\r\n            REX_VALUE[id=\'2\' prefix=\'<h2>\' suffix=\'</h2>\']\r\n				<?php\r\n				if (\"REX_VALUE[18]\" == 1) {\r\n					echo \'\r\n						<div class=\"separator-container\">\r\n							<div class=\"separator line-separator\"><span>\'.rex::getProperty(\'sep_char\').\'</span></div>\r\n						</div>\';\r\n				}\r\n\r\n				if (\'REX_VALUE[id=3 isset=1]\') {\r\n					echo markitup::parseOutput(\'textile\', \'REX_VALUE[id=3 output=\"html\"]\');\r\n				}\r\n				?>\r\n        </div>\r\n    </div>\r\n\r\n    <?php\r\n    $projects = rex_var::toArray(\"REX_VALUE[10]\");\r\n    if (is_array($projects)) {\r\n\r\n        $project_detail = \'\';\r\n        if (\"REX_VALUE[5]\" == \'content\') echo \'<div class=\"container\">\';\r\n\r\n		echo \'\r\n        <div class=\"row\" id=\"projectsREX_SLICE_ID\">\';\r\n\r\n            $i = 1;\r\n            foreach ($projects as $project) {\r\n\r\n            	// 3 oder 4 Projekte pro Zeile\r\n				$projects_per_row = (\"REX_VALUE[4]\" == \'4\') ? \'col-md-3\' : \'col-md-4\';\r\n\r\n                if ($project[\'project_title\'] != \'\' && $project[\'project_subtitle\'] != \'\' && $project[\'REX_MEDIA_1\'] != \'\') {\r\n\r\n                    echo \'\r\n                    <div class=\"\'.$projects_per_row.\'\">\r\n                        <div class=\"project\'.$animate_text.\'\">\r\n                            <img alt=\"\'.$project[\'project_title\'].\'\" src=\"index.php?rex_media_type=content&rex_media_file=\'.$project[\'REX_MEDIA_1\'].\'\">\r\n                            <a class=\"over-area over-area-sm color-green\" href=\"javascript:void(0)\" onclick=\"demo.showModal(this)\" data-target=\"project_REX_SLICE_ID_\'.$i.\'\">\r\n                                <div class=\"content\">\r\n                                    <h4>\'.$project[\'project_title\'].\'</h4>\r\n                                    <p>\'.$project[\'project_subtitle\'].\'</p>\r\n                                </div>\r\n                            </a>\r\n                        </div>\r\n                    </div>\';\r\n\r\n                    // Projekt-Detailinfos: initial unsichtbar, wird via Lightbox mit Klick auf ein Projekt eingeblendet\r\n                    $project_detail .= \'\r\n                    <div class=\"project-content\" id=\"project_REX_SLICE_ID_\'.$i.\'\">\r\n                        <div>\r\n                            <div class=\"project-details\">\r\n                                <span class=\"icon-close\"><i class=\"pe-7s-close-circle\"></i></span>\r\n                                <div class=\"container\">\r\n                                    <div class=\"project-title\">\r\n                                        <h2>\'.$project[\'project_title\'].\'</h2>\r\n                                        <div class=\"separator-container\">\r\n                                            <div class=\"separator line-separator\">\'.rex::getProperty(\'sep_char\').\'</div>\r\n                                        </div>\r\n                                        <p>\'.$project[\'project_subtitle\'].\'</p>\r\n                                    </div>\r\n                                    <div class=\"row\">\r\n                                        <div class=\"col-md-10 col-md-offset-1\">\r\n                                            <div class=\"article\">\r\n                                                <div class=\"project-image\">\r\n                                                    <img alt=\"...\" src=\"index.php?rex_media_type=content&rex_media_file=\'.$project[\'REX_MEDIA_1\'].\'\">\r\n                                                </div>\';\r\n\r\n                                                if ($project[\'project_text\'] != \'\') {\r\n                                                    $project_detail .= \'\r\n                                                    <div class=\"project-text\">\'.markitup::parseOutput(\'textile\', $project[\'project_text\']).\'</div>\';\r\n                                                }\r\n\r\n\r\n                                                $project_detail .= \'\r\n                                            </div>\r\n                                        </div>\r\n                                    </div>\r\n                                </div>\r\n                            </div>\r\n                        </div>\r\n                    </div>\';\r\n\r\n                    $i++;\r\n                }\r\n\r\n            }\r\n		echo \'\r\n        </div>\';\r\n\r\n		if (\"REX_VALUE[5]\" == \'content\') echo \'</div>\';\r\n\r\n	}\r\n\r\necho \'\r\n</div>\';\r\n\r\n// Ausgabe der initial unsichtbaren Projekt-Detail-Infos\r\necho $project_detail;\r\n?>\r\n<!-- End Section \"Projekte\" -->\r\n','<!-- *******************************************************\nPROFILE\n******************************************************** -->\n\n<fieldset class=\"form-horizontal\">\n	<legend>Animation</legend>\n	<div class=\"form-group\">\n		<label class=\"col-sm-2 control-label\" for=\"headline\">Einblenden</label>\n		<div class=\"col-sm-10\">\n			<div class=\"checkbox\">\n				<label>\n					<input type=\"checkbox\" name=\"REX_INPUT_VALUE[19]\" value=\"1\"<?php if (\"REX_VALUE[19]\" == \'1\') echo \' checked\'; ?>>\n					ja\n				</label>\n			</div>\n		</div>\n	</div><br>\n\n	<legend>Intro-Block</legend>\n	<?php\n	$fragment = new rex_fragment();\n	$fragment->setVar(\'intro\',REX_VALUE[1]);\n	$fragment->setVar(\'headline\',REX_VALUE[2]);\n	$fragment->setVar(\'text\',REX_VALUE[3]);\n	echo $fragment->parse(\'introblock.php\');\n	?>\n\n	<div class=\"form-group\">\n		<label class=\"col-sm-2 control-label\" for=\"headline\">Trennlinie</label>\n		<div class=\"col-sm-10\">\n			<div class=\"checkbox\">\n				<label>\n					<input type=\"checkbox\" name=\"REX_INPUT_VALUE[18]\" value=\"1\"<?php if (\"REX_VALUE[18]\" == \'1\') echo \' checked\'; ?>>\n					ja\n				</label>\n			</div>\n		</div>\n	</div><br>\n\n	<legend>Projekte</legend>\n    <div class=\"form-group\">\n        <label class=\"col-sm-2 control-label\" for=\"choices\">Projekte pro Zeile</label>\n        <div class=\"col-sm-10\">\n			<?php\n			$options = array(\n				\'3\'=>\'drei\',\n				\'4\'=>\'vier\'\n			);\n			?>\n            <div class=\"rex-select-style\">\n                <select name=\"REX_INPUT_VALUE[4]\" id=\"choices\" class=\"form-control\">\n					<?php foreach ($options as $k=>$v) : ?>\n                        <option value=\"<?php echo $k; ?>\"<?php if ($k == \"REX_VALUE[4]\") echo \' selected=\"selected\"\' ?>><?php echo $v; ?></option>\n					<?php endforeach ?>\n                </select>\n            </div>\n        </div>\n    </div>\n\n    <div class=\"form-group\">\n        <label class=\"col-sm-2 control-label\" for=\"choices\">Breite der Projektliste</label>\n        <div class=\"col-sm-10\">\n			<?php\n			$options = array(\n				\'full\'=>\'volle Breite\',\n				\'content\'=>\'Contentbreite\'\n			);\n			?>\n            <div class=\"rex-select-style\">\n                <select name=\"REX_INPUT_VALUE[5]\" id=\"choices\" class=\"form-control\">\n					<?php foreach ($options as $k=>$v) : ?>\n                        <option value=\"<?php echo $k; ?>\"<?php if ($k == \"REX_VALUE[5]\") echo \' selected=\"selected\"\' ?>><?php echo $v; ?></option>\n					<?php endforeach ?>\n                </select>\n            </div>\n        </div>\n    </div>\n</fieldset>\n\n<?php\n// base ID\n$id = 10;\n\n$form = <<<EOT\n    <fieldset class=\"form-horizontal \">\n        <legend>Projekt</legend>\n        <div class=\"form-group\">\n            <label class=\"col-sm-2 control-label\">Bild</label>\n            <div class=\"col-sm-10\">\n                REX_MEDIA[id=\"1\" widget=\"1\"]\n            </div>\n        </div>\n        <div class=\"form-group\">\n            <label class=\"col-sm-2 control-label\" for=\"project_title\">Titel</label>\n            <div class=\"col-sm-10\"><input id=\"team_name\" type=\"text\" name=\"REX_INPUT_VALUE[$id][0][project_title]\" value=\"\" class=\"form-control \"></div>\n        </div>\n        <div class=\"form-group\">\n            <label class=\"col-sm-2 control-label\" for=\"project_subtitle\">Untertitel</label>\n            <div class=\"col-sm-10\"><input id=\"team_position\" type=\"text\" name=\"REX_INPUT_VALUE[$id][0][project_subtitle]\" value=\"\" class=\"form-control \"></div>\n        </div>\n		<div class=\"form-group\">\n			<label class=\"col-sm-2 control-label\" for=\"markitup_$id][0][project_text]\">Text</label>\n			<div class=\"col-sm-10\">\n				<textarea cols=\"1\" rows=\"6\" class=\"form-control markitupEditor-textile_full\" id=\"markitup_\'.$id.\'][0][project_text]\" name=\"REX_INPUT_VALUE[$id][0][project_text]\"></textarea>\n			</div>\n		</div>\n	</fieldset>\nEOT;\n\n// parse form\necho MBlock::show($id, $form);','2017-08-02 07:57:35','admin','2018-04-11 17:46:47','admin','',0),
  (6,NULL,'05 . Text und Hintergrundbild','<?php\n$animate_title = \'\';\n$animate_text = \'\';\n\nif (\"REX_VALUE[19]\" == \'1\') {\n	$animate_title = \' animate add-animation\';\n	$animate_text = \' animate add-animation animation-1\';\n}\n?>\n\n<!-- Section \"Team\" -->\n<div class=\"section section-team-1\">\n\n	<?php\n	if (\"REX_MEDIA[1]\" != \'\') {\n		$media = rex_media::get(\"REX_MEDIA[1]\");\n		if ($media) {\n			$mediatitle = $media->getValue(\'title\');\n		}\n		echo \'\n        <div class=\"full-image gradient-image\" style=\"background-image: url(index.php?rex_media_type=header&rex_media_file=REX_MEDIA[1]);\" alt=\"\'.$mediatitle.\'\">\';\n	}\n	?>\n\n	<div class=\"container\">\n		<div class=\"text-area\">\n			<div class=\"title\">\n				REX_VALUE[id=\'1\' prefix=\'<h5 class=\"text-gray\">\' suffix=\'</h5>\']\n				REX_VALUE[id=\'2\' prefix=\'<h2>\' suffix=\'</h2>\']\n				<?php\n				if (\"REX_VALUE[18]\" == 1) {\n					echo \'\n					<div class=\"separator-container\">\n						<div class=\"separator line-separator\"><span>\'.rex::getProperty(\'sep_char\').\'</span></div>\n					</div>\';\n				}\n\n				if (\'REX_VALUE[id=3 isset=1]\') {\n					echo markitup::parseOutput(\'textile\', \'REX_VALUE[id=3 output=\"html\"]\');\n				}\n				?>\n			</div>\n		</div>\n	</div>\n\n	<?php if (\"REX_MEDIA[1]\" != \'\') { echo \'</div>\'; } ?>\n\n</div>\n<!-- End Section \"Team\" -->\n\n<?php\n// Bessere Darstellung des Bildes im Backend.\n// ALternativ könnte man die Formatierungen auch in eine eigene CSS-Datei schreiben, wie dies z.B. im Projekt-Modul gemacht wird.\nif (rex::isBackend()) {\n	echo \'\n    <style>\n        .section-team-1 img {\n            width: 100%;\n            height: auto;\n        }\n    </style>\';\n}\n?>','<!-- *******************************************************\nPROFILE\n******************************************************** -->\n\n<fieldset class=\"form-horizontal\">\n	<legend>Animation</legend>\n	<div class=\"form-group\">\n		<label class=\"col-sm-2 control-label\" for=\"headline\">Einblenden</label>\n		<div class=\"col-sm-10\">\n			<div class=\"checkbox\">\n				<label>\n					<input type=\"checkbox\" name=\"REX_INPUT_VALUE[19]\" value=\"1\"<?php if (\"REX_VALUE[19]\" == \'1\') echo \' checked\'; ?>>\n					ja\n				</label>\n			</div>\n		</div>\n	</div><br>\n\n	<legend>Intro-Block</legend>\n	<?php\n	$fragment = new rex_fragment();\n	$fragment->setVar(\'intro\',REX_VALUE[1]);\n	$fragment->setVar(\'headline\',REX_VALUE[2]);\n	$fragment->setVar(\'text\',REX_VALUE[3]);\n	echo $fragment->parse(\'introblock.php\');\n	?>\n\n	<div class=\"form-group\">\n		<label class=\"col-sm-2 control-label\" for=\"headline\">Trennlinie</label>\n		<div class=\"col-sm-10\">\n			<div class=\"checkbox\">\n				<label>\n					<input type=\"checkbox\" name=\"REX_INPUT_VALUE[18]\" value=\"1\"<?php if (\"REX_VALUE[18]\" == \'1\') echo \' checked\'; ?>>\n					ja\n				</label>\n			</div>\n		</div>\n	</div>\n\n	<div class=\"form-group\">\n        <label class=\"col-sm-2 control-label\">Hintergrund-Bild</label>\n        <div class=\"col-sm-10\">\n            REX_MEDIA[id=\"1\" widget=\"1\"]\n        </div>\n    </div>\n\n</fieldset>\n','2017-08-02 07:58:07','admin','2018-04-11 13:40:08','admin','',0),
  (7,NULL,'06 . Kunden','<!-- Section Kunden -->\r\n<?php\r\n$animate_title = \'\';\r\n$animate_text = \'\';\r\n\r\nif (\"REX_VALUE[19]\" == \'1\') {\r\n	$animate_title = \' animate add-animation\';\r\n	$animate_text = \' animate add-animation animation-1\';\r\n}\r\n$logos = \'\';\r\n\r\nif (\"REX_VALUE[9]\" == \'list\') {\r\n\r\n    if (\"REX_MEDIALIST[1]\" != \'\') {\r\n		$logos .= \'\r\n        <div class=\"list-logos\">\r\n            <div class=\"row\">\';\r\n\r\n                if (\"REX_VALUE[5]\" == 4) {\r\n                    $column_width = \'col-md-3\';\r\n                } else {\r\n                    $column_width = \'col-md-4\';\r\n                }\r\n                $imagelist = explode(\',\', \"REX_MEDIALIST[1]\");\r\n\r\n                foreach ($imagelist as $file) {\r\n                    $media = rex_media::get($file);\r\n                    if ($media) {\r\n\r\n                        $media_title = $media->getValue(\'title\');\r\n                        $media_link = $media->getValue(\'med_link\');\r\n                        $media_hover = $media->getValue(\'med_hover\');\r\n\r\n						$logos .= \'\r\n                        <div class=\"\'.$column_width.\'\">\r\n                            <div class=\"logo\'.$animate_text.\'\">\';\r\n						        if ($media_link != \'\') {\r\n									$logos .= \'\r\n									<a href = \"\'.$media_link.\'\">\';\r\n                                }\r\n                                    $logos .= \'        \r\n                                    <img src=\"media/\'.$file.\'\" alt=\"\'.$media_title.\'\" class=\"mono\">\';\r\n\r\n                                    if ($media_hover != \'\') {\r\n										$logos .= \'\r\n                                        <img src=\"media/\'.$media_hover.\'\" alt=\"\'.$media_title.\'\">\';\r\n                                    }\r\n\r\n            						if ($media_link != \'\') {\r\n			            				$logos .= \'\r\n						    			</a>\';\r\n						            }\r\n						        $logos .= \'\r\n                            </div>\r\n                        </div>\';\r\n\r\n                    }\r\n                }\r\n                $logos .= \'\r\n            </div>\r\n        </div>\';\r\n    }\r\n\r\n} elseif (\"REX_VALUE[9]\" == \'quotes\') {\r\n\r\n	$logos .= \'\r\n    <div class=\"section section-clients-2\">\r\n        <div class=\"container\">\r\n            <div class=\"tab-content quotes\">\';\r\n\r\n                $quotes = rex_var::toArray(\"REX_VALUE[10]\");\r\n                if (is_array($quotes)) {\r\n                    $quote_names = \'\';\r\n                    $i = 1;\r\n                    $active = \' active\';\r\n                    $active_class = \' class=\"active\"\';\r\n                    foreach ($quotes as $quote) {\r\n\r\n                        if ($quote[\'quote\'] != \'\' || $quote[\'name\'] != \'\' || $quote[\'REX_MEDIA_1\'] != \'\') {\r\n\r\n							$logos .= \'\r\n                            <div class=\"tab-pane\'.$active.\'\" id=\"REX_SLICE_ID-\'.$i.\'\">\r\n                                \'.str_replace(array(\'<i>\', \'</i>\', \'<p>\'), array(\'<em><small>\', \'</small></em>\', \'<p class=\"large\">\'), markitup::parseOutput(\'textile\', $quote[\'quote\'])).\'\r\n                            </div>\';\r\n\r\n				            $quote_names .= \'\r\n                            <li\'.$active_class.\'>\r\n                                <a href=\"#REX_SLICE_ID-\'.$i.\'\" role=\"tab\" data-toggle=\"tab\" aria-expanded=\"true\">\';\r\n                                if ($quote[\'name\'] != \'\') {\r\n                                    $quote_names .= \'<h3>\'.$quote[\'name\'].\'</h3>\';\r\n                                }\r\n                                if ($quote[\'REX_MEDIA_1\'] != \'\') {\r\n                                    $quote_names .= \'<img src=\"/media/\'.$quote[\'REX_MEDIA_1\'].\'\">\';\r\n                                }\r\n                                $quote_names .= \'\r\n                                </a>\r\n                            </li>\';\r\n                        }\r\n                        $i++;\r\n                        $active = \'\';\r\n                        $active_class = \'\';\r\n                    }}\r\n\r\n	            $logos .= \'\r\n                </div>\r\n            <ul class=\"nav nav-text list-logos\" role=\"tablist\">\'.$quote_names.\'</ul>\';\r\n\r\n	    $logos .= \'\r\n        </div>\r\n    </div>\';\r\n\r\n}\r\n?>\r\n<div class=\"<?php\r\n    if (\"REX_VALUE[9]\" == \'list\') {\r\n        echo \'section section-clients-1\';\r\n	} else {\r\n		echo \'section section-clients-2\';\r\n    }\r\n	?>\">\r\n	<div class=\"container\">\r\n\r\n		<?php\r\n		if (\"REX_VALUE[1]\" != \'\' || \"REX_VALUE[2]\" != \'\') {\r\n			echo \'\r\n			<div class=\"title\'.$animate_title.\'\">\';\r\n\r\n				if (\"REX_VALUE[1]\" != \'\') {\r\n					echo \'\r\n					<h5 class=\"text-gray\">REX_VALUE[1]</h5>\';\r\n				}\r\n				if (\"REX_VALUE[2]\" != \'\') {\r\n					echo \'\r\n					<h2>REX_VALUE[2]</h2>\';\r\n				}\r\n\r\n                if (\"REX_VALUE[18]\" == 1) {\r\n                    echo \'\r\n                    <div class=\"separator-container\">\r\n                        <div class=\"separator line-separator\"><span>\'.rex::getProperty(\'sep_char\').\'</span></div>\r\n                    </div>\';\r\n    			}\r\n            echo \'\r\n			</div>\';\r\n		}\r\n\r\n		if (\'REX_VALUE[id=3 isset=1]\') {\r\n			echo \'\r\n			<div class=\"tab-content quotes title\">\';\r\n				$textile = markitup::parseOutput(\'textile\', \'REX_VALUE[id=3 output=\"html\"]\');\r\n				echo str_replace(\'<p>\', \'<p class=\"large\">\', $textile);\r\n			echo \'\r\n			</div>\';\r\n		}\r\n		\r\n		if (\"REX_VALUE[4]\" != \'\') {\r\n			echo \'\r\n			<h3 class=\"author\">REX_VALUE[4]</h3>\';\r\n		}\r\n\r\n        echo $logos;\r\n        ?>\r\n								\r\n	</div>\r\n</div>\r\n<!-- End Section Kunden -->\r\n','<!-- *******************************************************\r\nKUNDEN\r\n******************************************************** -->\r\n\r\n<fieldset class=\"form-horizontal\">\r\n    <legend>Animation</legend>\r\n	<div class=\"form-group\">\r\n		<label class=\"col-sm-2 control-label\">Einblenden</label>\r\n		<div class=\"col-sm-10\">\r\n			<div class=\"checkbox\">\r\n				 <label>\r\n				   <input type=\"checkbox\" name=\"REX_INPUT_VALUE[19]\" value=\"1\"<?php if (\"REX_VALUE[19]\" == \'1\') echo \' checked\'; ?>>\r\n				   	ja\r\n				 </label>\r\n			</div>\r\n		</div>\r\n	</div>\r\n\r\n	<legend>Intro-Block</legend>\r\n	<?php\r\n	$fragment = new rex_fragment();\r\n	$fragment->setVar(\'intro\',REX_VALUE[1]);\r\n	$fragment->setVar(\'headline\',REX_VALUE[2]);\r\n	$fragment->setVar(\'text\',REX_VALUE[3]);\r\n	echo $fragment->parse(\'introblock.php\');\r\n	?>\r\n\r\n</fieldset>\r\n\r\n<div class=\"switcher\">\r\n    <div class=\"form-group\">\r\n        <label class=\"col-sm-2 control-label\" for=\"choices\">Darstellung</label>\r\n        <div class=\"col-sm-10\">\r\n            <?php\r\n            $options = array(\r\n                \'list\'=>\'Logo-Liste\',\r\n                \'quotes\'=>\'Zitate-Karussell\'\r\n            );\r\n            ?>\r\n			<div class=\"rex-select-style\">\r\n				<select name=\"REX_INPUT_VALUE[9]\" id=\"choices\" class=\"form-control\">\r\n					<?php foreach ($options as $k=>$v) : ?>\r\n						<option value=\"<?php echo $k; ?>\"<?php if ($k == \"REX_VALUE[9]\") echo \' selected=\"selected\"\' ?>><?php echo $v; ?></option>\r\n					<?php endforeach ?>\r\n				</select>\r\n			</div>\r\n        </div>\r\n    </div>\r\n</div>\r\n\r\n\r\n<div id=\"list\" class=\"choice column <?php if (\"REX_VALUE[9]\" == \'list\' || \"REX_VALUE[9]\" == \'\') echo \" column-visible\"; ?>\">\r\n    <div class=\"panel panel-edit\">\r\n        <div class=\"panel-heading\">Logo-Liste</div>\r\n        <div class=\"panel-body\" style=\"background: transparent;\">\r\n            <fieldset class=\"form-horizontal\">\r\n                <legend>Kunden-Logos</legend>\r\n\r\n                <div class=\"form-group\">\r\n                    <label class=\"col-sm-2 control-label\">Logos</label>\r\n                    <div class=\"col-sm-10\">\r\n                        REX_MEDIALIST[id=\"1\" widget=\"1\"]\r\n                    </div>\r\n                </div>\r\n\r\n                <div class=\"form-group\">\r\n                    <label class=\"col-sm-2 control-label\" for=\"layout\">Layout</label>\r\n                    <div class=\"col-sm-10\">\r\n                        <?php\r\n                            $options = array(\r\n                            \'3\'=>\'drei Spalten\',\r\n                            \'4\'=>\'vier Spalten\'\r\n                        );\r\n                        ?>\r\n                        <div class=\"rex-select-style\">\r\n                            <select name=\"REX_INPUT_VALUE[5]\" id=\"layout\" class=\"form-control\">\r\n                            <?php foreach ($options as $k=>$v) : ?>\r\n                            <option value=\"<?php echo $k; ?>\"<?php if ($k == \"REX_VALUE[5]\") echo \' selected=\"selected\"\' ?>><?php echo $v; ?></option>\r\n                            <?php endforeach ?>\r\n                            </select>\r\n                        </div>\r\n                    </div>\r\n                </div>\r\n            </fieldset>\r\n        </div>\r\n    </div>\r\n</div>\r\n\r\n\r\n<div id=\"quotes\" class=\"choice column <?php if (\"REX_VALUE[9]\" == \'quotes\') echo \" column-visible\"; ?>\">\r\n    <div class=\"panel panel-edit\">\r\n        <div class=\"panel-heading\">Zitate-Karussell</div>\r\n        <div class=\"panel-body\" style=\"background: transparent;\">\r\n\r\n            <?php\r\n            // base ID\r\n            $id = 10;\r\n\r\n            $form = <<<EOT\r\n            <fieldset class=\"form-horizontal\">\r\n                <legend>Person</legend>\r\n                <div class=\"form-group\">\r\n                    <label class=\"col-sm-2 control-label\" for=\"markitup_$id][0][quote]\">Zitat</label>\r\n                    <div class=\"col-sm-10\">\r\n                        <textarea cols=\"1\" rows=\"6\" class=\"form-control markitupEditor-textile_full\" id=\"markitup_\'.$id.\'][0][quote]\" name=\"REX_INPUT_VALUE[$id][0][quote]\"></textarea>\r\n                    </div>\r\n                </div>\r\n                <div class=\"form-group\">\r\n                    <label class=\"col-sm-2 control-label\" for=\"name\">Name</label>\r\n                    <div class=\"col-sm-10\"><input id=\"name\" type=\"text\" name=\"REX_INPUT_VALUE[$id][0][name]\" value=\"\" class=\"form-control \"></div>\r\n                </div>\r\n                <div class=\"form-group\">\r\n                    <label class=\"col-sm-2 control-label\">Logo</label>\r\n                    <div class=\"col-sm-10\">\r\n                        REX_MEDIA[id=\"1\" widget=\"1\"]\r\n                    </div>\r\n                </div>\r\n            </fieldset>\r\nEOT;\r\n\r\n            // parse form\r\n            echo MBlock::show($id, $form);\r\n            ?>\r\n        </div>\r\n    </div>\r\n</div>\r\n\r\n<script type=\"text/javascript\">\r\n    jQuery(function() {\r\n        $(\'#choices\').change(function(){\r\n            $(\'.choice\').removeClass(\'column-visible\');\r\n            $(\'#\' + $(this).val()).addClass(\'column-visible\');\r\n        });\r\n    });\r\n</script>\r\n','2017-08-02 07:58:28','admin','2018-04-14 16:40:28','admin','',0),
  (8,NULL,'07 . Profile','<?php\r\n$animate_title = \'\';\r\n$animate_text = \'\';\r\n\r\nif (\"REX_VALUE[19]\" == \'1\') {\r\n	$animate_title = \' animate add-animation\';\r\n	$animate_text = \' animate add-animation animation-1\';\r\n}\r\n\r\n$colum_width = (\"REX_VALUE[5]\" == \'3\') ? \'col-md-4\' : \'col-md-3\';\r\n?>\r\n\r\n<!-- Section \"Profile\" -->\r\n<div class=\"section section-team-4\">\r\n	<div class=\"container\">\r\n		<div class=\"row\">\r\n\r\n			<?php if (\"REX_VALUE[4]\" == \'columns\') echo \'<div class=\"col-md-4\">\'; ?>\r\n				<div class=\"title\">\r\n					REX_VALUE[id=\'1\' prefix=\'<h5 class=\"text-gray\">\' suffix=\'</h5>\']\r\n					REX_VALUE[id=\'2\' prefix=\'<h2>\' suffix=\'</h2>\']\r\n					<?php\r\n					if (\"REX_VALUE[18]\" == 1) {\r\n						echo \'\r\n						<div class=\"separator-container\">\r\n							<div class=\"separator line-separator\"><span>\'.rex::getProperty(\'sep_char\').\'</span></div>\r\n						</div>\';\r\n					}\r\n\r\n					if (\'REX_VALUE[id=3 isset=1]\') {\r\n						echo markitup::parseOutput(\'textile\', \'REX_VALUE[id=3 output=\"html\"]\');\r\n					}\r\n					?>\r\n				</div>\r\n\r\n			<?php if (\"REX_VALUE[4]\" == \'columns\') echo \'</div><div class=\"col-md-7 col-md-offset-1\">\'; ?>\r\n\r\n			<?php\r\n			if (\"REX_MEDIALIST[1]\" != \'\') {\r\n				echo \'\r\n				<div class=\"team\">\r\n					<div class=\"row\">\';\r\n\r\n						$imagelist = explode(\',\', \"REX_MEDIALIST[1]\");\r\n\r\n						foreach ($imagelist as $file) {\r\n							$medialist = rex_media::get($file);\r\n							if ($medialist) {\r\n								$media_name = ($medialist->getValue(\'title\') != \'\') ? \'<h3 class=\"big-text\">\'.$medialist->getValue(\'title\').\'</h3>\' : \'\';\r\n								$media_title = ($medialist->getValue(\'title\') != \'\') ? $medialist->getValue(\'title\') : \'\';\r\n								$media_position = ($medialist->getValue(\'med_position\') != \'\') ? \'<p class=\"small-text\">\'.$medialist->getValue(\'med_position\').\'</p>\' : \'\';\r\n								echo \'\r\n								<div class=\"\'.$colum_width.\'\">\r\n									<div class=\"member\">\r\n										<img alt=\"\'.$media_title.\'\" class=\"img-circle\" src=\"\'.rex_url::frontendController([\'rex_media_type\' => \'full\', \'rex_media_file\' => $file]).\'\">\';\r\n										if ($media_name != \'\' || $media_position != \'\') {\r\n										    echo \'\r\n								            <div class=\"description\">\r\n											\'.$media_name.$media_position.\'\r\n										    </div>\';\r\n										}\r\n									echo \'\r\n									</div>\r\n								</div>\';\r\n\r\n							}\r\n						}\r\n\r\n					echo \'\r\n					</div>\r\n				</div>\';\r\n			}\r\n			?>\r\n\r\n			<?php if (\"REX_VALUE[4]\" == \'columns\') echo \'</div>\'; ?>\r\n\r\n		</div>\r\n	</div>\r\n</div>\r\n<!-- End Section \"Profile\" -->\r\n\r\n\r\n','<!-- *******************************************************\nPROFILE\n******************************************************** -->\n\n<fieldset class=\"form-horizontal\">\n	<legend>Animation</legend>\n\n    <div class=\"form-group\">\n        <label class=\"col-sm-2 control-label\" for=\"headline\">Einblenden?</label>\n        <div class=\"col-sm-10\">\n            <div class=\"checkbox\">\n                <label>\n                    <input type=\"checkbox\" name=\"REX_INPUT_VALUE[19]\" value=\"1\"<?php if (\"REX_VALUE[19]\" == \'1\') echo \' checked\'; ?>>\n                    ja\n                </label>\n            </div>\n        </div>\n    </div>\n\n	<legend>Intro</legend>\n	<div class=\"form-group\">\n		<label class=\"col-sm-2 control-label\" for=\"layout\">Layout</label>\n		<div class=\"col-sm-10\">\n			<?php\n			$options = array(\n				\'\'=>\'Intro/Überschrift und Text untereinander\',\n				\'columns\'=>\'Intro/Überschrift und Text in Spalten nebeneinander\'\n			);\n			?>\n			<div class=\"rex-select-style\">\n				<select name=\"REX_INPUT_VALUE[4]\" id=\"layout\" class=\"form-control\">\n					<?php foreach ($options as $k=>$v) : ?>\n						<option value=\"<?php echo $k; ?>\"<?php if ($k == \"REX_VALUE[4]\") echo \' selected=\"selected\"\' ?>><?php echo $v; ?></option>\n					<?php endforeach ?>\n				</select>\n			</div>\n		</div>\n	</div>\n\n	<div class=\"form-group\">\n		<label class=\"col-sm-2 control-label\" for=\"intro\">Intro</label>\n		<div class=\"col-sm-10\">\n			<input class=\"form-control\" id=\"intro\" type=\"text\" name=\"REX_INPUT_VALUE[1]\" value=\"REX_VALUE[1]\" />\n		</div>\n	</div>\n	<div class=\"form-group\">\n		<label class=\"col-sm-2 control-label\" for=\"headline\">Überschrift</label>\n		<div class=\"col-sm-10\">\n			<input class=\"form-control\" id=\"headline\" type=\"text\" name=\"REX_INPUT_VALUE[2]\" value=\"REX_VALUE[2]\" />\n		</div>\n	</div>\n	<div class=\"form-group\">\n		<label class=\"col-sm-2 control-label\" for=\"markitup_1\">Text</label>\n		<div class=\"col-sm-10\">\n			<textarea cols=\"1\" rows=\"6\" class=\"form-control markitupEditor-textile_full\" id=\"markitup_1\" name=\"REX_INPUT_VALUE[3]\">REX_VALUE[3]</textarea>\n		</div>\n	</div>\n	<div class=\"form-group\">\n		<label class=\"col-sm-2 control-label\" for=\"headline\">Trennlinie</label>\n		<div class=\"col-sm-10\">\n			<div class=\"checkbox\">\n				<label>\n					<input type=\"checkbox\" name=\"REX_INPUT_VALUE[18]\" value=\"1\"<?php if (\"REX_VALUE[18]\" == \'1\') echo \' checked\'; ?>>\n					ja\n				</label>\n			</div>\n		</div>\n	</div>\n\n</fieldset>\n\n<fieldset class=\"form-horizontal\">\n    <legend>Personen</legend>\n\n    <div class=\"form-group\">\n        <label class=\"col-sm-2 control-label\" for=\"layout\">Layout</label>\n        <div class=\"col-sm-10\">\n			<?php\n			$options = array(\n				\'3\'=>\'drei Spalten\',\n				\'4\'=>\'vier Spalten\'\n			);\n			?>\n            <div class=\"rex-select-style\">\n                <select name=\"REX_INPUT_VALUE[5]\" id=\"layout\" class=\"form-control\">\n					<?php foreach ($options as $k=>$v) : ?>\n                        <option value=\"<?php echo $k; ?>\"<?php if ($k == \"REX_VALUE[5]\") echo \' selected=\"selected\"\' ?>><?php echo $v; ?></option>\n					<?php endforeach ?>\n                </select>\n            </div>\n        </div>\n    </div>\n\n    <div class=\"form-group\">\n        <label class=\"col-sm-2 control-label\">Bilder</label>\n        <div class=\"col-sm-10\">\n            REX_MEDIALIST[id=\"1\" widget=\"1\"]\n        </div>\n    </div>\n</fieldset>\n','2017-08-02 07:59:01','admin','2018-04-11 17:56:47','admin','',0),
  (9,NULL,'08 . Meilensteine','<!-- Section Meilensteine -->\n<?php\n$animate_title = \'\';\n$animate_text1 = \'\';\n$animate_text2 = \'\';\n$animate_text3 = \'\';\n\nif (\"REX_VALUE[19]\" == \'1\') {\n	$animate_title = \' animate add-animation\';\n	$animate_text1 = \' animate add-animation animation-1\';\n	$animate_text2 = \' animate add-animation animation-2\';\n	$animate_text3 = \' animate add-animation animation-3\';\n}\n\n$wrapper_class= \'section-numbers-1\';\n$text_color = (\"REX_VALUE[15]\" == \'1\') ? \'text white\' : \'\';\n$card_class = \'\';\n$background = \'\';\n\nif (\"REX_MEDIA[1]\" != \'\') {\n	$wrapper_class= \'section-numbers-2\';\n\n	$media = rex_media::get(\"REX_MEDIA[1]\");\n	$mediatitle = $media->getValue(\'title\');\n	$background = \'\n        <div class=\"parallax pattern-image\">\n            <img alt=\"\'.$mediatitle.\'\" src=\"index.php?rex_media_type=parallax&rex_media_file=REX_MEDIA[1]\">\n        </div>\';\n}\n?>\n\n<div class=\"section <?php echo $wrapper_class; ?>\">\n    <?php echo $background; ?>\n\n    <div class=\"container\">\n        <div class=\"text-area\">\n            <div class=\"title<?php echo $animate_title; ?>\">\n                REX_VALUE[id=\'17\' prefix=\'<h5>\' suffix=\'</h5>\']\n                REX_VALUE[id=\'16\' prefix=\'<h2>\' suffix=\'</h2>\']\n				<?php\n				if (\"REX_VALUE[18]\" == 1) {\n					echo \'\n						<div class=\"separator-container\">\n							<div class=\"separator line-separator\"><span>\'.rex::getProperty(\'sep_char\').\'</span></div>\n						</div>\';\n				}\n                ?>\n            </div>\n        </div>\n        <div class=\"clearfix\"></div>\n        <div class=\"row\">\n            <!-- col1 -->\n            <div class=\"col-md-4\">\n                <div class=\"card<?php echo $animate_text1; ?>\">\n                    REX_VALUE[id=\'1\' prefix=\'<div class=\"icon\"><i class=\"\' suffix=\'\"></i></div>\']\n                    REX_VALUE[id=\'4\' prefix=\'<div class=\"number\" id=\"customersNo\">\' suffix=\'</div>\']\n                    REX_VALUE[id=\'2\' prefix=\'<h3>\' suffix=\'</h3>\']\n                    REX_VALUE[id=\'3\' prefix=\'<h5 class=\"text-gray\">\' suffix=\'</h5>\']\n                </div>\n            </div>\n            <!-- col2 -->\n            <div class=\"col-md-4\">\n                <div class=\"card<?php echo $animate_text2; ?>\">\n                    REX_VALUE[id=\'5\' prefix=\'<div class=\"icon\"><i class=\"\' suffix=\'\"></i></div>\']\n                    REX_VALUE[id=\'8\' prefix=\'<div class=\"number\" id=\"customersNo\">\' suffix=\'</div>\']\n                    REX_VALUE[id=\'6\' prefix=\'<h3>\' suffix=\'</h3>\']\n                    REX_VALUE[id=\'7\' prefix=\'<h5 class=\"text-gray\">\' suffix=\'</h5>\']\n                </div>\n            </div>\n            <!-- col3 -->\n            <div class=\"col-md-4\">\n                <div class=\"card<?php echo $animate_text3; ?>\">\n                    REX_VALUE[id=\'9\' prefix=\'<div class=\"icon\"><i class=\"\' suffix=\'\"></i></div>\']\n                    REX_VALUE[id=\'12\' prefix=\'<div class=\"number\" id=\"customersNo\">\' suffix=\'</div>\']\n                    REX_VALUE[id=\'10\' prefix=\'<h3>\' suffix=\'</h3>\']\n                    REX_VALUE[id=\'11\' prefix=\'<h5 class=\"text-gray\">\' suffix=\'</h5>\']\n                </div>\n            </div>\n        </div>\n    </div>\n</div>\n<!-- End Section Meilensteine -->\n\n','<!-- *******************************************************\nMEILENSTEINE\n******************************************************** -->\n\n<fieldset class=\"form-horizontal\">\n	<legend>Animation</legend>\n	<div class=\"form-group\">\n		<label class=\"col-sm-2 control-label\" for=\"headline\">Einblenden?</label>\n		<div class=\"col-sm-10\">\n			<div class=\"checkbox\">\n				<label>\n					<input type=\"checkbox\" name=\"REX_INPUT_VALUE[19]\" value=\"1\"<?php if (\"REX_VALUE[19]\" == \'1\') echo \' checked\'; ?>>\n					ja\n				</label>\n			</div>\n		</div>\n	</div>\n</fieldset>\n\n<fieldset class=\"form-horizontal\">\n	<legend>Intro</legend>\n\n	<div class=\"form-group\">\n		<label class=\"col-sm-2 control-label\" for=\"subheadhead\">Untertitel</label>\n		<div class=\"col-sm-10\">\n			<input class=\"form-control\" id=\"subhead\" type=\"text\" name=\"REX_INPUT_VALUE[16]\" value=\"REX_VALUE[16]\">\n		</div>\n	</div>\n\n	<div class=\"form-group\">\n		<label class=\"col-sm-2 control-label\" for=\"headl\">Titel</label>\n		<div class=\"col-sm-10\">\n			<input class=\"form-control\" id=\"head\" type=\"text\" name=\"REX_INPUT_VALUE[17]\" value=\"REX_VALUE[17]\">\n		</div>\n	</div>\n\n    <div class=\"form-group\">\n        <label class=\"col-sm-2 control-label\" for=\"headline\">Trennlinie</label>\n        <div class=\"col-sm-10\">\n            <div class=\"checkbox\">\n                <label>\n                    <input type=\"checkbox\" name=\"REX_INPUT_VALUE[18]\" value=\"1\"<?php if (\"REX_VALUE[18]\" == \'1\') echo \' checked\'; ?>>\n                    ja\n                </label>\n            </div>\n        </div>\n    </div>\n\n	<div class=\"form-group\">\n		<label class=\"col-sm-2 control-label\">Hintergrund-Bild</label>\n		<div class=\"col-sm-10\">\n			REX_MEDIA[id=\"1\" widget=\"1\"]\n\n		</div>\n	</div>\n\n	<div class=\"form-group\">\n		<label class=\"col-sm-2 control-label\" for=\"headline\">Schriftfarbe</label>\n		<div class=\"col-sm-10\">\n			<div class=\"checkbox\">\n				<label>\n					<input type=\"checkbox\" name=\"REX_INPUT_VALUE[15]\" value=\"1\"<?php if (\"REX_VALUE[15]\" == \'1\') echo \' checked\'; ?>>\n					weiß\n				</label>\n			</div>\n\n			<br><section class=\"rex-page-section\">\n				<div class=\"panel panel-default\">\n\n					<header class=\"panel-heading collapsed\" data-toggle=\"collapse\" data-target=\"#collapse-REX_SLICE_ID\" aria-expanded=\"false\">\n						<div class=\"panel-title\"><i class=\"rex-icon rex-icon-info\"></i> Hinweis zum Hintergrund-Bild</div>\n					</header>\n\n					<div id=\"collapse-REX_SLICE_ID\" class=\"panel-collapse collapse\" aria-expanded=\"false\" style=\"height: 0px;\">\n\n						<div class=\"panel-body\" style=\"background: #f3f6fb;\">\n							<ul>\n								<li>Wird ein Bild gewählt, wird dieses als Hintergrundbild mit Parallax-Effekt eingeblendet.</li>\n								<li>Bei dunklen Bildern kann die Schriftfarbe auf weiß gesetzt werden.</li>\n							</ul>\n						</div>\n					</div>\n				</div>\n			</section>\n\n		</div>\n	</div>\n\n</fieldset>\n\n<fieldset class=\"form-horizontal\">\n	<legend>1. Spalte</legend>\n\n	<div class=\"form-group\">\n		<label class=\"col-sm-2 control-label\" for=\"icon1\">Icon</label>\n		<div class=\"col-sm-10\">\n			<input class=\"form-control\" id=\"icon1\" type=\"text\" name=\"REX_INPUT_VALUE[1]\" value=\"REX_VALUE[1]\">\n\n			<br><section class=\"rex-page-section\">\n				<div class=\"panel panel-default\">\n\n					<header class=\"panel-heading collapsed\" data-toggle=\"collapse\" data-target=\"#collapse-REX_SLICE_ID2\" aria-expanded=\"false\">\n						<div class=\"panel-title\"><i class=\"rex-icon rex-icon-info\"></i> Hinweis zur Eingabe der Icons</div>\n					</header>\n\n					<div id=\"collapse-REX_SLICE_ID2\" class=\"panel-collapse collapse\" aria-expanded=\"false\" style=\"height: 0px;\">\n\n						<div class=\"panel-body\" style=\"background: #f3f6fb;\">\n							<ul>\n								<li>Diese Demo verwendet Icons des Font-Zeichensatzes \"PE-icon-7-stroke\":<br>\n									<a href=\"http://themes-pixeden.com/font-demos/7-stroke/\" target=\"_blank\">http://themes-pixeden.com/font-demos/7-stroke/</a></li>\n								<li>Dazu bitte einfach den CSS-Klassennamne des gewünschten Icons eingeben.</li>\n								<li>Wenn das Feld leer bleibt, wird eine Nummerierung verwendet.</li>\n							</ul>\n						</div>\n					</div>\n				</div>\n			</section>\n\n		</div>\n	</div>\n\n	<div class=\"form-group\">\n		<label class=\"col-sm-2 control-label\" for=\"number1\">Zahl</label>\n		<div class=\"col-sm-10\">\n			<input class=\"form-control\" id=\"number1\" type=\"text\" name=\"REX_INPUT_VALUE[4]\" value=\"REX_VALUE[4]\">\n		</div>\n	</div>\n\n	<div class=\"form-group\">\n		<label class=\"col-sm-2 control-label\" for=\"headline1\">Titel</label>\n		<div class=\"col-sm-10\">\n			<input class=\"form-control\" id=\"headline1\" type=\"text\" name=\"REX_INPUT_VALUE[2]\" value=\"REX_VALUE[2]\">\n		</div>\n	</div>\n\n	<div class=\"form-group\">\n		<label class=\"col-sm-2 control-label\" for=\"subheadline1\">Untertitel</label>\n		<div class=\"col-sm-10\">\n			<input class=\"form-control\" id=\"subheadline1\" type=\"text\" name=\"REX_INPUT_VALUE[3]\" value=\"REX_VALUE[3]\">\n		</div>\n	</div>\n</fieldset>\n\n<fieldset class=\"form-horizontal\">\n	<legend>2. Spalte</legend>\n\n	<div class=\"form-group\">\n		<label class=\"col-sm-2 control-label\" for=\"icon2\">Icon</label>\n		<div class=\"col-sm-10\">\n			<input class=\"form-control\" id=\"icon2\" type=\"text\" name=\"REX_INPUT_VALUE[5]\" value=\"REX_VALUE[5]\">\n		</div>\n	</div>\n\n	<div class=\"form-group\">\n		<label class=\"col-sm-2 control-label\" for=\"number2\">Zahl</label>\n		<div class=\"col-sm-10\">\n			<input class=\"form-control\" id=\"number2\" type=\"text\" name=\"REX_INPUT_VALUE[8]\" value=\"REX_VALUE[8]\">\n		</div>\n	</div>\n\n	<div class=\"form-group\">\n		<label class=\"col-sm-2 control-label\" for=\"headline2\">Titel</label>\n		<div class=\"col-sm-10\">\n			<input class=\"form-control\" id=\"headline2\" type=\"text\" name=\"REX_INPUT_VALUE[6]\" value=\"REX_VALUE[6]\">\n		</div>\n	</div>\n\n	<div class=\"form-group\">\n		<label class=\"col-sm-2 control-label\" for=\"subheadline2\">Untertitel</label>\n		<div class=\"col-sm-10\">\n			<input class=\"form-control\" id=\"subheadline2\" type=\"text\" name=\"REX_INPUT_VALUE[7]\" value=\"REX_VALUE[7]\">\n		</div>\n	</div>\n</fieldset>\n\n<fieldset class=\"form-horizontal\">\n	<legend>3. Spalte</legend>\n\n	<div class=\"form-group\">\n		<label class=\"col-sm-2 control-label\" for=\"icon3\">Icon</label>\n		<div class=\"col-sm-10\">\n			<input class=\"form-control\" id=\"icon3\" type=\"text\" name=\"REX_INPUT_VALUE[9]\" value=\"REX_VALUE[9]\">\n		</div>\n	</div>\n\n	<div class=\"form-group\">\n		<label class=\"col-sm-2 control-label\" for=\"number3\">Zahl</label>\n		<div class=\"col-sm-10\">\n			<input class=\"form-control\" id=\"number3\" type=\"text\" name=\"REX_INPUT_VALUE[12]\" value=\"REX_VALUE[12]\">\n		</div>\n	</div>\n\n	<div class=\"form-group\">\n		<label class=\"col-sm-2 control-label\" for=\"headline3\">Titel</label>\n		<div class=\"col-sm-10\">\n			<input class=\"form-control\" id=\"headline3\" type=\"text\" name=\"REX_INPUT_VALUE[10]\" value=\"REX_VALUE[10]\">\n		</div>\n	</div>\n\n	<div class=\"form-group\">\n		<label class=\"col-sm-2 control-label\" for=\"subheadline3\">Untertitel</label>\n		<div class=\"col-sm-10\">\n			<input class=\"form-control\" id=\"subheadline3\" type=\"text\" name=\"REX_INPUT_VALUE[11]\" value=\"REX_VALUE[11]\">\n		</div>\n	</div>\n</fieldset>\n','2017-08-02 07:59:27','admin','2018-04-11 17:47:49','admin','',0),
  (10,NULL,'09 . großer Footer','<?php\r\n$animate = \'\';\r\nif (\"REX_VALUE[19]\" == \'1\') {\r\n    $animate = \' animate\';\r\n}\r\n?>\r\n<footer class=\"footer footer-big footer-color-REX_VALUE[11]\" data-color=\"REX_VALUE[11]\">\r\n    <div class=\"container\">\r\n        <div class=\"row\">\r\n            <div class=\"col-md-2 col-sm-3\">\r\n                <div class=\"info<?php echo $animate; ?>\">\r\n					<?php\r\n                    $link_output = \'\';\r\n					if (\'REX_VALUE[id=1 isset=1]\') {\r\n						$link_output .= markitup::parseOutput(\'textile\', \'REX_VALUE[id=1 output=\"html\"]\');\r\n					}\r\n\r\n					if (\'REX_LINKLIST[1]\' != \'\') {\r\n						$hidden_content = \'\';\r\n\r\n						$link_output .= \'<p>\';\r\n						$linklist = explode(\',\',\'REX_LINKLIST[1]\');\r\n						foreach ($linklist as $link) {\r\n							$art = rex_article::get($link);\r\n							if (is_object($art)) {\r\n								$art_name = $art->getValue(\'name\');\r\n								$link_output .= \'\r\n                                <a class=\"container-toggle\" data-container=\"\'.$art->getValue(\'id\').\'\" href=\"#\">\'.$art_name.\'</a><br>\';\r\n\r\n								$hidden_content .= \'\r\n                                <div class=\"hidden_content\" data-container=\"\'.$art->getValue(\'id\').\'\">\';\r\n\r\n								$hidden_article_content = new rex_article_content($art->getId());\r\n								$hidden_content .= $hidden_article_content->getArticle();\r\n\r\n								$hidden_content .= \'\r\n                                <div class=\"close-block\" id=\"close-button_\'.$art->getValue(\'id\').\'\">\r\n                                    <a data-container=\"\'.$art->getValue(\'id\').\'\" class=\"container-toggle\" href=\"#\">\r\n                                        <span class=\"icon-close\"><i class=\"pe-7s-close-circle\"></i></span>\r\n                                        </a>\r\n                                </div>\r\n            			\r\n            			</div>\';\r\n							}\r\n						}\r\n						$link_output .= \'</p>\';\r\n					}\r\n\r\n					echo $link_output;\r\n					?>\r\n                </div>\r\n            </div>\r\n            <div class=\"col-md-3 col-md-offset-1 col-sm-3\">\r\n                <div class=\"info<?php echo $animate; ?>\">\r\n                <?php\r\n					if (\'REX_VALUE[id=1 isset=2]\') {\r\n						echo markitup::parseOutput(\'textile\', \'REX_VALUE[id=2 output=\"html\"]\');\r\n					}\r\n                ?>\r\n                </div>\r\n            </div>\r\n            <div class=\"col-md-3 col-sm-3\">\r\n                <div class=\"info<?php echo $animate; ?>\">\r\n					<?php\r\n					if (\'REX_VALUE[id=4 isset=2]\') {\r\n						echo markitup::parseOutput(\'textile\', \'REX_VALUE[id=4 output=\"html\"]\');\r\n					}\r\n					?>\r\n                </div>\r\n            </div>\r\n            <div class=\"col-md-2 col-md-offset-1 col-sm-3\">\r\n                <div class=\"info animate\">\r\n                    <?php\r\n                    if (\"REX_VALUE[3]\" != \'\') {\r\n                        echo \'<h5 class=\"title\'.$animate.\'\">REX_VALUE[3]</h5>\';\r\n                    }\r\n                    if (rex::getProperty(\'facebook_link\') != \'\' || rex::getProperty(\'twitter_link\') != \'\') {\r\n                        echo \'<nav><ul>\';\r\n                    }\r\n                        if (rex::getProperty(\'facebook_link\') != \'\') {\r\n                            echo \'\r\n                            <li><a class=\"btn btn-social btn-facebook btn-simple\" href=\"\'.rex::getProperty(\'facebook_link\').\'\">\r\n                                <i class=\"fa fa-facebook-square\"></i> Facebook\r\n                            </a></li>\';\r\n                        }\r\n                        if (rex::getProperty(\'twitter_link\') != \'\') {\r\n                            echo \'\r\n                            <li><a class=\"btn btn-social btn-twitter btn-simple\" href=\"\'.rex::getProperty(\'twitter_link\').\'\">\r\n                                <i class=\"fa fa-twitter\"></i> Twitter\r\n                            </a></li>\';\r\n                        }\r\n                    if (rex::getProperty(\'facebook_link\') != \'\' || rex::getProperty(\'twitter_link\') != \'\') {\r\n                        echo \'</ul></nav>\';\r\n                    }\r\n                    ?>\r\n                </div>\r\n            </div>\r\n        </div>\r\n        <hr>\r\n        <?php\r\n        if (\"REX_VALUE[5]\" != \'\') {\r\n			echo \'\r\n			<div class=\"copyright\">\r\n			    \'.str_replace(\'###year###\', date(\'Y\'), markitup::parseOutput(\'textile\', \'REX_VALUE[id=5 output=\"html\"]\')).\'\r\n			</div>\';\r\n		}\r\n        ?>\r\n    </div>\r\n</footer>\r\n\r\n<?php\r\nif (!rex::isBackend()) {\r\n	echo $hidden_content;\r\n}\r\n?>','<!-- *******************************************************\r\nFOOTER KLEIN\r\n******************************************************** -->\r\n\r\n<fieldset class=\"form-horizontal\">\r\n\r\n	<div class=\"form-group\">\r\n		<label class=\"col-sm-2 control-label\">Hintergrund</label>\r\n		<div class=\"col-sm-10\">\r\n			<?php\r\n			$options = array(\r\n				\'black\'=>\'Dunkelgrau\',\r\n				\'gray\'=>\'Hellgrau\',\r\n				\'white\'=>\'Weiß\'\r\n			);\r\n			?>\r\n			<div class=\"rex-select-style\">\r\n				<select name=\"REX_INPUT_VALUE[11]\" class=\"form-control\">\r\n					<?php foreach ($options as $k=>$v) : ?>\r\n						<option value=\"<?php echo $k; ?>\"<?php if ($k == \"REX_VALUE[11]\") echo \' selected=\"selected\"\' ?>><?php echo $v; ?></option>\r\n					<?php endforeach ?>\r\n				</select>\r\n			</div>\r\n		</div>\r\n	</div>\r\n\r\n	<br>\r\n	<div class=\"panel panel-edit\">\r\n		<header class=\"panel-heading\">\r\n				Animation\r\n		</header>\r\n	</div>\r\n\r\n	<div class=\"form-group\">\r\n		<label class=\"col-sm-2 control-label\" for=\"headline\">Einblenden?</label>\r\n		<div class=\"col-sm-10\">\r\n			<div class=\"checkbox\">\r\n			  <label>\r\n			    <input type=\"checkbox\" name=\"REX_INPUT_VALUE[19]\" value=\"1\"<?php if (\"REX_VALUE[19]\" == \'1\') echo \' checked\'; ?>>\r\n			    	ja\r\n			  </label>\r\n			</div>\r\n		</div>\r\n	</div>	\r\n\r\n	<br>\r\n	<div class=\"panel panel-edit\">\r\n		<header class=\"panel-heading\">\r\n				Links\r\n		</header>\r\n	</div>\r\n\r\n	<div class=\"form-group\">\r\n		<label class=\"col-sm-2 control-label\" for=\"markitup_1\">Linkliste 1</label>\r\n		<div class=\"col-sm-10\">\r\n			<textarea cols=\"1\" rows=\"6\" class=\"form-control markitupEditor-full\" id=\"markitup_1\" name=\"REX_INPUT_VALUE[1]\">REX_VALUE[1]</textarea>\r\n		</div>\r\n	</div>\r\n\r\n    <div class=\"form-group\">\r\n        <label class=\"col-sm-2 control-label\">und Akkordeon-Links</label>\r\n        <div class=\"col-sm-10\">\r\n            REX_LINKLIST[id=\"1\" widget=\"1\"]\r\n        </div>\r\n    </div>\r\n\r\n    <div class=\"form-group\">\r\n		<label class=\"col-sm-2 control-label\" for=\"markitup_2\">Linkliste 2</label>\r\n		<div class=\"col-sm-10\">\r\n			<textarea cols=\"1\" rows=\"6\" class=\"form-control markitupEditor-full\" id=\"markitup_2\" name=\"REX_INPUT_VALUE[2]\">REX_VALUE[2]</textarea>\r\n		</div>\r\n	</div>\r\n\r\n	<br>\r\n	<div class=\"panel panel-edit\">\r\n		<header class=\"panel-heading\">\r\n			Beschreibung\r\n		</header>\r\n	</div>\r\n\r\n    <div class=\"form-group\">\r\n        <label class=\"col-sm-2 control-label\" for=\"markitup_4\">Text</label>\r\n        <div class=\"col-sm-10\">\r\n            <textarea cols=\"1\" rows=\"6\" class=\"form-control markitupEditor-textile_full\" id=\"markitup_4\" name=\"REX_INPUT_VALUE[4]\">REX_VALUE[4]</textarea>\r\n        </div>\r\n    </div>\r\n\r\n    <div class=\"form-group\">\r\n        <label class=\"col-sm-2 control-label\" for=\"headline\">Überschrift Social Links</label>\r\n        <div class=\"col-sm-10\">\r\n            <input class=\"form-control\" id=\"headline\" type=\"text\" name=\"REX_INPUT_VALUE[3]\" value=\"REX_VALUE[3]\" />\r\n        </div>\r\n    </div>\r\n\r\n    <br>\r\n    <div class=\"panel panel-edit\">\r\n        <header class=\"panel-heading\">\r\n            Unterer Footer\r\n        </header>\r\n    </div>\r\n    <div class=\"form-group\">\r\n        <label class=\"col-sm-2 control-label\" for=\"headline\">Text</label>\r\n        <div class=\"col-sm-10\">\r\n            <input class=\"form-control\" id=\"headline\" type=\"text\" name=\"REX_INPUT_VALUE[5]\" value=\"REX_VALUE[5]\" />\r\n\r\n			<br>\r\n			<section class=\"rex-page-section\">\r\n				<div class=\"panel panel-default\">\r\n\r\n					<header class=\"panel-heading collapsed\" data-toggle=\"collapse\" data-target=\"#collapse-REX_SLICE_ID\" aria-expanded=\"false\">\r\n						<div class=\"panel-title\"><i class=\"rex-icon rex-icon-info\"></i> Hinweis</div>\r\n					</header>\r\n\r\n					<div id=\"collapse-REX_SLICE_ID\" class=\"panel-collapse collapse\" aria-expanded=\"false\" style=\"height: 0px;\">\r\n\r\n						<div class=\"panel-body\" style=\"background: #f3f6fb;\">\r\n							<ul>\r\n								<li>Im Copyright-Feld kann das jeweils aktuelle Jahr ausgegeben werden mit:<br><br><pre>###year###</pre></li>\r\n							</ul>\r\n						</div>\r\n					</div>\r\n				</div>\r\n			</section>\r\n\r\n        </div>\r\n    </div>\r\n\r\n</fieldset>\r\n','2017-08-02 08:00:01','admin','2018-04-11 15:57:59','admin','',0),
  (11,NULL,'10 . Kleiner Footer','<?php\r\n// Variable für Artikel-Content, der nur eingeblendet wird (Impressum, etc.)\r\n$hidden_content = \'\';\r\n?>\r\n<footer class=\"footer footer-color-REX_VALUE[5]\" data-color=\"REX_VALUE[5]\">\r\n    <div class=\"container\">\r\n\r\n        <nav class=\"pull-left\">\r\n            <?php\r\n            $link_output = \'\';\r\n            if (\'REX_VALUE[id=1 isset=1]\') {\r\n                $link_output = markitup::parseOutput(\'textile\', \'REX_VALUE[id=1 output=\"html\"]\');\r\n            }\r\n\r\n            if (\'REX_LINKLIST[1]\' != \'\') {\r\n\r\n                $link_output = \'<ul>\';\r\n                $linklist = explode(\',\',\'REX_LINKLIST[1]\');\r\n                foreach ($linklist as $link) {\r\n                    $art = rex_article::get($link);\r\n                    if (is_object($art)) {\r\n                        $art_name = $art->getValue(\'name\');\r\n                        $link_output .= \'\r\n                        <li><a class=\"container-toggle\" data-container=\"\'.$art->getValue(\'id\').\'\" href=\"#\">\'.$art_name.\'</a></li>\';\r\n\r\n                        $hidden_content .= \'\r\n                        <div class=\"hidden_content\" data-container=\"\'.$art->getValue(\'id\').\'\">\';\r\n\r\n						$hidden_article_content = new rex_article_content($art->getId());\r\n						$hidden_content .= $hidden_article_content->getArticle();\r\n\r\n						$hidden_content .= \'\r\n                            <div class=\"close-block\" id=\"close-button_\'.$art->getValue(\'id\').\'\">\r\n                                <a data-container=\"\'.$art->getValue(\'id\').\'\" class=\"container-toggle\" href=\"#\">\r\n                                    <span class=\"icon-close\"><i class=\"pe-7s-close-circle\"></i></span>\r\n                                    </a>\r\n                            </div>\r\n            			\r\n            			</div>\';\r\n                    }\r\n                }\r\n                $link_output .= \'</ul>\';\r\n            }\r\n\r\n            echo $link_output;\r\n            ?>\r\n        </nav>\r\n\r\n        <div class=\"social-area pull-right\">\r\n            <?php\r\n            if (rex::getProperty(\'facebook_link\') != \'\') {\r\n                echo \'\r\n                <a class=\"btn btn-social btn-facebook btn-simple\" href=\"\'.rex::getProperty(\'facebook_link\').\'\">\r\n                    <i class=\"fa fa-facebook-square\"></i>\r\n                </a>\';\r\n            }\r\n			if (rex::getProperty(\'twitter_link\') != \'\') {\r\n				echo \'\r\n                <a class=\"btn btn-social btn-twitter btn-simple\" href=\"\'.rex::getProperty(\'twitter_link\').\'\">\r\n                    <i class=\"fa fa-twitter\"></i>\r\n                </a>\';\r\n			}\r\n			if (rex::getProperty(\'slack_link\') != \'\') {\r\n				echo \'\r\n                <a class=\"btn btn-social btn-slack btn-simple\" href=\"\'.rex::getProperty(\'slack_link\').\'\">\r\n                    <i class=\"fa fa-slack\"></i>\r\n                </a>\';\r\n			}\r\n            ?>\r\n        </div>\r\n\r\n        <div class=\"copyright\">\r\n            <?php echo str_replace(\'###year###\', date(\"Y\"), \"REX_VALUE[2]\"); ?>\r\n        </div>\r\n\r\n    </div>\r\n</footer>\r\n\r\n<?php echo $hidden_content; ?>','<!-- *******************************************************\r\nFOOTER KLEIN\r\n******************************************************** -->\r\n\r\n<fieldset class=\"form-horizontal\">\r\n\r\n	<div class=\"form-group\">\r\n		<label class=\"col-sm-2 control-label\">Hintergrund</label>\r\n		<div class=\"col-sm-10\">\r\n			<?php\r\n			$options = array(\r\n				\'black\'=>\'Dunkelgrau\',\r\n				\'gray\'=>\'Hellgrau\',\r\n				\'white\'=>\'Weiß\'\r\n			);\r\n			?>\r\n			<div class=\"rex-select-style\">\r\n				<select name=\"REX_INPUT_VALUE[5]\" class=\"form-control\">\r\n					<?php foreach ($options as $k=>$v) : ?>\r\n						<option value=\"<?php echo $k; ?>\"<?php if ($k == \"REX_VALUE[5]\") echo \' selected=\"selected\"\' ?>><?php echo $v; ?></option>\r\n					<?php endforeach ?>\r\n				</select>\r\n			</div>\r\n		</div>\r\n	</div>\r\n\r\n	<br>\r\n	<div class=\"panel panel-edit\">\r\n		<header class=\"panel-heading\">\r\n			Animation\r\n		</header>\r\n	</div>\r\n	<div class=\"form-group\">\r\n		<label class=\"col-sm-2 control-label\" for=\"headline\">Einblenden?</label>\r\n		<div class=\"col-sm-10\">\r\n			<div class=\"checkbox\">\r\n				<label>\r\n					<input type=\"checkbox\" name=\"REX_INPUT_VALUE[19]\" value=\"1\"<?php if (\"REX_VALUE[19]\" == \'1\') echo \' checked\'; ?>>\r\n					ja\r\n				</label>\r\n			</div>\r\n		</div>\r\n	</div>\r\n\r\n	<br>\r\n	<div class=\"panel panel-edit\">\r\n		<header class=\"panel-heading\">\r\n			Links\r\n		</header>\r\n	</div>\r\n\r\n    <div class=\"form-group\">\r\n        <label class=\"col-sm-2 control-label\" for=\"markitup_1\">Links (auch extern)</label>\r\n        <div class=\"col-sm-10\">\r\n            <textarea cols=\"1\" rows=\"6\" class=\"form-control markitupEditor-textile_full\" id=\"markitup_1\" name=\"REX_INPUT_VALUE[1]\">REX_VALUE[1]</textarea>\r\n        </div>\r\n    </div>\r\n\r\n	<div class=\"form-group\">\r\n        <label class=\"col-sm-2 control-label\">Oder Akkordeon-Links</label>\r\n        <div class=\"col-sm-10\">\r\n            REX_LINKLIST[id=\"1\" widget=\"1\"]\r\n        </div>\r\n    </div>\r\n\r\n	<br>\r\n	<div class=\"panel panel-edit\">\r\n		<header class=\"panel-heading\">\r\n			Unterer Footer\r\n		</header>\r\n	</div>\r\n\r\n    <div class=\"form-group\">\r\n        <label class=\"col-sm-2 control-label\" for=\"copyright\">Copyright</label>\r\n        <div class=\"col-sm-10\">\r\n            <input class=\"form-control\" id=\"copyright\" type=\"text\" name=\"REX_INPUT_VALUE[2]\" value=\"REX_VALUE[2]\" />\r\n\r\n			<br>\r\n			<section class=\"rex-page-section\">\r\n				<div class=\"panel panel-default\">\r\n\r\n					<header class=\"panel-heading collapsed\" data-toggle=\"collapse\" data-target=\"#collapse-REX_SLICE_ID\" aria-expanded=\"false\">\r\n						<div class=\"panel-title\"><i class=\"rex-icon rex-icon-info\"></i> Hinweis</div>\r\n					</header>\r\n\r\n					<div id=\"collapse-REX_SLICE_ID\" class=\"panel-collapse collapse\" aria-expanded=\"false\" style=\"height: 0px;\">\r\n\r\n						<div class=\"panel-body\" style=\"background: #f3f6fb;\">\r\n							<ul>\r\n								<li>Im Copyright-Feld kann das jeweils aktuelle Jahr ausgegeben werden mit:<br><br><pre>###year###</pre></li>\r\n							</ul>\r\n						</div>\r\n					</div>\r\n				</div>\r\n			</section>\r\n\r\n		</div>\r\n    </div>\r\n\r\n</fieldset>\r\n','2017-08-02 08:00:26','admin','2018-04-11 15:56:55','admin','',0),
  (12,NULL,'11 . andere Seite einbinden','<?php\n$article = new rex_article_content(\"REX_LINK[1]\");\necho $article->getArticle(\'1\');\n?>\n','<!-- *******************************************************\nANDEREN ARTIKEL EINBINDEN\n******************************************************** -->\n\n<fieldset class=\"form-horizontal\">\n	<legend>Anderen Artikel einbinden</legend>\n	<div class=\"form-group\">\n		<label class=\"col-sm-2 control-label\">Link</label>\n		<div class=\"col-sm-10\">\n			REX_LINK[id=\"1\" widget=\"1\"]\n		</div>\n	</div>\n</fieldset>\n','2017-10-21 17:05:35','admin','2018-04-05 06:44:37','admin','',0);
/*!40000 ALTER TABLE `rex_module` ENABLE KEYS */;
UNLOCK TABLES;

DROP TABLE IF EXISTS `rex_module_action`;
CREATE TABLE `rex_module_action` (
  `id` int unsigned NOT NULL AUTO_INCREMENT,
  `module_id` int unsigned NOT NULL,
  `action_id` int unsigned NOT NULL,
  `revision` int unsigned NOT NULL,
  PRIMARY KEY (`id`)
) ENGINE=InnoDB DEFAULT CHARSET=utf8mb3;
DROP TABLE IF EXISTS `rex_template`;
CREATE TABLE `rex_template` (
  `id` int unsigned NOT NULL AUTO_INCREMENT,
  `key` varchar(191) DEFAULT NULL,
  `name` varchar(255) DEFAULT NULL,
  `content` mediumtext,
  `active` tinyint(1) DEFAULT NULL,
  `createdate` datetime NOT NULL,
  `attributes` text,
  `revision` int NOT NULL,
  `createuser` varchar(255) NOT NULL,
  `updatedate` datetime NOT NULL,
  `updateuser` varchar(255) NOT NULL,
  PRIMARY KEY (`id`),
  UNIQUE KEY `key` (`key`)
) ENGINE=InnoDB AUTO_INCREMENT=9 DEFAULT CHARSET=utf8mb3;

LOCK TABLES `rex_template` WRITE;
/*!40000 ALTER TABLE `rex_template` DISABLE KEYS */;
INSERT INTO `rex_template` VALUES 
  (1,NULL,'01 . Abschnitte als Module','REX_TEMPLATE[3]\r\n\r\n<?php\r\n// Array für Anker initialisieren\r\nrex::setProperty(\'anchors\', new ArrayIterator());\r\n\r\n$cat_color = ($this->getValue(\'cat_color\') != \'\') ? $this->getValue(\'cat_color\') : \'c5a47e\';\r\nrex::setProperty(\'cat_color\', $cat_color);\r\n\r\n$sep_char = ($this->getValue(\'cat_sep_char\') != \'\') ? $this->getValue(\'cat_sep_char\') : \'*\';\r\nrex::setProperty(\'sep_char\', $sep_char);\r\n\r\n// Content parsen und in eine Variable schreiben\r\n// Ohne das Parsen würden die Anker-Module keine Inhalte zurückgeben\r\n$content = $this->getArticle(\'1\');\r\n?>\r\n\r\n<body class=\"landing-page\" id=\"top\">\r\n\r\n	<!-- Preloader -->\r\n	REX_TEMPLATE[6]\r\n	<!-- /Preloader -->\r\n\r\n	<?php\r\n	$nav_burger = ($this->getValue(\'cat_navigation\') == \'burger\') ? \' navbar-burger\' : \'\';\r\n	// Für eine Off-Canvas-Navigation die CSS-Klasse navbar-burger hinzufügen\r\n	?>\r\n	<nav class=\"navbar navbar-default navbar-transparent navbar-fixed-top<?php echo $nav_burger; ?>\" role=\"navigation\">\r\n		<div class=\"container\">\r\n\r\n			<!-- Navigation -->\r\n			REX_TEMPLATE[7]\r\n			<!-- /Navigation allgemein -->\r\n\r\n			<?php\r\n			// Die in den Anker-Modulen generierten Anker-Links einlesen\r\n			$items = rex::getProperty(\'anchors\')->getArrayCopy();\r\n\r\n			if (count($items) > 0) {\r\n\r\n				echo \'\r\n				<div class=\"collapse navbar-collapse\">\r\n					<ul class=\"nav navbar-nav navbar-right navbar-uppercase\">\';\r\n\r\n						// Social-Links nur in der Off-Canvas-Navi anzeigen\r\n						if ($this->getValue(\'cat_navigation\') == \'burger\') echo $social;\r\n\r\n							foreach ($items as $item) {\r\n								// Den Anker-Link und den Linktitel aus dem Array einsetzen\r\n								echo \'\r\n								<li><a href=\"\" data-scroll=\"true\" data-id=\"#\'.$item[\'anchor\'].\'\">\'.$item[\'title\'].\'</a></li>\';\r\n							}\r\n\r\n						echo \'\r\n					</ul>\r\n				</div>\';\r\n			}\r\n			echo \'\r\n		</div>\r\n	</nav>\';\r\n	?>\r\n\r\n	<div class=\"wrapper\">\r\n		<?php\r\n		// Den Content ausgeben. Ersetzungen zum einfachen Erzeugen großer Buttons, Labels und Formatieren der Code-Schnipsel\r\n		echo str_replace(\r\n            array(\r\n                \'class=\"button\',\r\n                \'<b>\',\r\n                \'</b>\',\r\n                \'<pre>\'\r\n            ), array(\r\n                \'class=\"btn btn-lg btn-black btn-arrow\',\r\n                \'<span class=\"label label-primary\">\',\r\n                \'</span>\',\r\n                \'<pre class=\"prettyprint lnaghtml linenums\">\r\n            \'),\r\n        $content);\r\n		?>\r\n	</div>\r\n\r\n</body>\r\n\r\nREX_TEMPLATE[4]\r\n</html>\r\n',1,'2017-09-06 13:31:42','{\"ctype\":[],\"modules\":{\"1\":{\"all\":\"1\"}},\"categories\":{\"all\":\"1\"}}',0,'admin','2018-04-05 06:44:39','admin'),
  (2,NULL,'02 . Abschnitte als Artikel','REX_TEMPLATE[3]\r\n\r\n<?php\r\n$cat_color = ($this->getValue(\'cat_color\') != \'\') ? $this->getValue(\'cat_color\') : \'c5a47e\';\r\nrex::setProperty(\'cat_color\', $cat_color);\r\n\r\n$sep_char = ($this->getValue(\'cat_sep_char\') != \'\') ? $this->getValue(\'cat_sep_char\') : \'*\';\r\nrex::setProperty(\'sep_char\', $sep_char);\r\n\r\n// Content parsen\r\n$content = $this->getArticle(\'1\');\r\n?>\r\n\r\n<body class=\"landing-page\" id=\"top\">\r\n\r\n    <!-- Preloader -->\r\n    REX_TEMPLATE[6]\r\n    <!-- /Preloader -->\r\n\r\n    <?php\r\n    $nav_burger = ($this->getValue(\'cat_navigation\') == \'burger\') ? \' navbar-burger\' : \'\';\r\n    // Für eine Off-Canvas-Navigation die CSS-Klasse navbar-burger hinzufügen\r\n    ?>\r\n    <nav class=\"navbar navbar-default navbar-transparent navbar-fixed-top<?php echo $nav_burger; ?>\" role=\"navigation\">\r\n        <div class=\"container\">\r\n\r\n            <!-- Navigation -->\r\n            REX_TEMPLATE[7]\r\n            <!-- /Navigation allgemein -->\r\n\r\n            <?php\r\n			echo \'\r\n			<div class=\"collapse navbar-collapse\">\r\n				<ul class=\"nav navbar-nav navbar-right navbar-uppercase\">\';\r\n\r\n					// Social-Links nur in der Off-Canvas-Navi anzeigen\r\n					if ($this->getValue(\'cat_navigation\') == \'burger\') echo $social;\r\n\r\n					$cat = rex_article::get($this->article_id)->getCategory();\r\n					// Alle Artikel der aktuellen Kategorie ermitteln mit dem Status online\r\n					if ($cat !== null) {\r\n						$articles = $cat->getArticles(true);\r\n\r\n						if (is_array($articles) && count($articles) > 0) {\r\n\r\n							foreach ($articles as $article) {\r\n								// Der Inhalt des aktuellen Artikels soll nicht nochmal erneut ausgelesen werden\r\n								if ($article->getId() == REX_ARTICLE_ID) continue;\r\n								// Der Startartikel wird nicht berücksichtigt\r\n								if ($article->isStartArticle()) continue;\r\n\r\n								// rex_string::normalize entfernt Sonderzeichen für eine gültige URL\r\n								echo \'\r\n								<li><a href=\"\" data-scroll=\"true\" data-id=\"#\'.rex_string::normalize($article->getName()).\'\">\'.$article->getName().\'</a></li>\';\r\n\r\n								// Das Artikel-Objekt wird angesprochen\r\n								$article_content = new rex_article_content($article->getId());\r\n								// Der Inhalt der Unter-Artikel wird an den Artikel-Inhalt angehängt\r\n								// Zu Beginn wird immer ein Sprunganker erzeugt\r\n								$content .= \'\r\n								<div id=\"\'.rex_string::normalize($article->getName()).\'\"></div>\';\r\n								$content .= $article_content->getArticle();\r\n\r\n							}\r\n						}\r\n					}\r\n\r\n					echo \'\r\n				</ul>\r\n			</div>\';\r\n\r\n            echo \'\r\n        </div>\r\n    </nav>\';\r\n    ?>\r\n\r\n    <div class=\"wrapper\">\r\n		<?php\r\n		// Den Content ausgeben. Ersetzungen zum einfachen Erzeugen großer Buttons, Labels und Formatieren der Code-Schnipsel\r\n		echo str_replace(\r\n			array(\r\n				\'class=\"button\',\r\n				\'<b>\',\r\n				\'</b>\',\r\n				\'<pre>\'\r\n			), array(\r\n                \'class=\"btn btn-lg btn-black btn-arrow\',\r\n                \'<span class=\"label label-primary\">\',\r\n                \'</span>\',\r\n                \'<pre class=\"prettyprint lnaghtml linenums\">\r\n                \'),\r\n			$content);\r\n		?>\r\n    </div>\r\n\r\n</body>\r\n\r\nREX_TEMPLATE[4]\r\n</html>\r\n',1,'2019-05-03 11:33:18','{\"ctype\":[],\"modules\":{\"1\":{\"all\":\"1\"}},\"categories\":{\"all\":\"1\"}}',0,'admin','2019-05-03 11:33:18','admin'),
  (3,NULL,'00 . Header','<?php\r\n// error_reporting(0);\r\nerror_reporting(E_ALL);\r\n// Das Error-Reporting sollte nur während der Entwicklung angeschaltet sein. Bei einer Live-Website sollte es auf 0 gestellt werden.\r\n\r\n// Globale Einstellungen, definiert in Kategorie-Metefaldern\r\n$sep_char = ($this->getValue(\'cat_sep_char\') != \'\') ? $this->getValue(\'cat_sep_char\') : \'*\';\r\nrex::setProperty(\'sep_char\', $sep_char);\r\n\r\n$facebook_link = (rex_clang::getCurrent()->getValue(\'clang_facebook\') != \'\') ? rex_clang::getCurrent()->getValue(\'clang_facebook\') : \'\';\r\nrex::setProperty(\'facebook_link\', $facebook_link);\r\n\r\n$twitter_link = (rex_clang::getCurrent()->getValue(\'clang_twitter\') != \'\') ? rex_clang::getCurrent()->getValue(\'clang_twitter\') : \'\';\r\nrex::setProperty(\'twitter_link\', $twitter_link);\r\n\r\n$slack_link = (rex_clang::getCurrent()->getValue(\'clang_slack\') != \'\') ? rex_clang::getCurrent()->getValue(\'clang_slack\') : \'\';\r\nrex::setProperty(\'slack_link\', $slack_link);\r\n\r\nheader(\'Content-Type: text/html; charset=utf-8\');\r\n?><!doctype html>\r\n<html lang=\"<?php echo rex_clang::getCurrent()->getCode(); ?>\">\r\n    <head>\r\n        <meta charset=\"utf-8\" />\r\n        <link rel=\"icon\" type=\"image/png\" href=\"<?= rex_url::base(\'assets/img/favicon.ico\') ?>\">\r\n        <meta http-equiv=\"X-UA-Compatible\" content=\"IE=edge,chrome=1\" />\r\n        <title><?php echo rex::getServerName().\' - \'.htmlspecialchars($this->getValue(\'name\')); ?></title>\r\n        <meta content=\'width=device-width, initial-scale=1.0, maximum-scale=1.0, user-scalable=0\' name=\'viewport\' />\r\n		<link href=\"<?= rex_url::base(\'resources/css/plugins.min.css\') ?>\" rel=\"stylesheet\" />\r\n		<?php /*\r\n		<link href=\"<?= rex_url::base(\'resources/css/bootstrap.css\') ?>\" rel=\"stylesheet\" />\r\n        <link href=\"<?= rex_url::base(\'resources/css/fonts.css\') ?>\" rel=\"stylesheet\"/>\r\n        <link href=\"<?= rex_url::base(\'resources/css/jquery.bxslider.css\') ?>\" rel=\"stylesheet\"/>\r\n        <link href=\"<?= rex_url::base(\'resources/css/prettify.css\') ?>\" rel=\"stylesheet\"/>\r\n        <link href=\"<?= rex_url::base(\'resources/css/fonts/pe-icon-7-stroke.css\') ?>\" rel=\"stylesheet\">\r\n		*/ ?>\r\n		<?php\r\n		$theme = ($this->getValue(\'cat_color\') != \'\') ? $this->getValue(\'cat_color\') : \'default\';\r\n		?>\r\n		<link href=\"<?= rex_url::base(\'resources/css/onepage-\'.$theme.\'.css\') ?>\" rel=\"stylesheet\"/>\r\n		<link href=\"http://maxcdn.bootstrapcdn.com/font-awesome/4.2.0/css/font-awesome.min.css\" rel=\"stylesheet\">\r\n        <script src=\"<?= rex_url::base(\'resources/js/jquery-1.11.2.min.js\') ?>\" type=\"text/javascript\"></script>\r\n        <script src=\"<?= rex_url::base(\'resources/js/jparticle.jquery.min.js\') ?>\" type=\"text/javascript\"></script>\r\n\r\n    </head>',0,'2017-08-02 07:41:55','{\"ctype\":[],\"modules\":{\"1\":{\"all\":\"1\"}},\"categories\":{\"all\":\"1\"}}',0,'admin','2020-02-07 21:36:30','admin'),
  (4,NULL,'07 . Javascripts','    <!--   core js files    -->\r\n	<script src=\"<?= rex_url::base(\'resources/js/plugins.min.js\') ?>\" type=\"text/javascript\"></script>\r\n	<script src=\"<?= rex_url::base(\'resources/js/demo.js\') ?>\" type=\"text/javascript\"></script>\r\n    <?php /*\r\n    <script src=\"<?= rex_url::base(\'resources/js/bootstrap.js\') ?>\" type=\"text/javascript\"></script>\r\n    <script src=\"<?= rex_url::base(\'resources/js/gsdk-bootstrapswitch.js\') ?>\" type=\"text/javascript\"></script>\r\n    <script src=\"<?= rex_url::base(\'resources/js/jquery.bxslider.js\') ?>\" type=\"text/javascript\"></script>\r\n    <script src=\"<?= rex_url::base(\'resources/js/jquery.waypoints.min.js\') ?>\" type=\"text/javascript\"></script>\r\n    <script src=\"<?= rex_url::base(\'resources/js/modernizr.js\') ?>\" type=\"text/javascript\"></script>\r\n    <script src=\"<?= rex_url::base(\'resources/js/demo.js\') ?>\" type=\"text/javascript\"></script>\r\n    <script src=\"<?= rex_url::base(\'resources/js/prettify.js\') ?>\" type=\"text/javascript\"></script>\r\n    */ ?>\r\n\r\n',0,'2017-09-28 21:48:20','{\"ctype\":[],\"modules\":{\"1\":{\"all\":\"1\"}},\"categories\":{\"all\":\"1\"}}',0,'admin','2020-02-07 21:15:35','admin'),
  (5,NULL,'04 . Multipage','REX_TEMPLATE[3]\r\n\r\n<?php\r\nrex::setProperty(\'anchors\', new ArrayIterator());\r\n\r\n$path = rex_article::getCurrent()->getPathAsArray();\r\n\r\n// Für eine Navigation mit nur einer Ebene wird nur das erste Element des Arrays benötigt,\r\n// also die ID der obersten Elternkategorie.\r\n$path0 = ((!empty($path[0])) ? $path[0] : \'\');\r\n\r\n// Parse Content\r\n$content = $this->getArticle(\'1\');\r\n?>\r\n\r\n<body class=\"landing-page\" id=\"top\">\r\n\r\n<!-- Preloader -->\r\n    REX_TEMPLATE[6]\r\n    <!-- /Preloader -->\r\n    <?php\r\n    $nav_burger = ($this->getValue(\'cat_navigation\') == \'burger\') ? \' navbar-burger\' : \'\';\r\n	// Für eine Off-Canvas-Navigation die CSS-Klasse navbar-burger hinzufügen\r\n    ?>\r\n    <nav class=\"navbar navbar-default navbar-transparent navbar-fixed-top<?php echo $nav_burger; ?>\" role=\"navigation\">\r\n        <div class=\"container\">\r\n\r\n            <!-- Navigation -->\r\n            <div class=\"navbar-header\">\r\n                <button id=\"menu-toggle\" type=\"button\" class=\"navbar-toggle\" data-toggle=\"collapse\" data-target=\"#example\">\r\n                    <span class=\"sr-only\">Toggle navigation</span>\r\n                    <span class=\"icon-bar bar1\"></span>\r\n                    <span class=\"icon-bar bar2\"></span>\r\n                    <span class=\"icon-bar bar3\"></span>\r\n                </button>\r\n                <a href=\"<?php echo rex_getUrl($path0); ?>\" class=\"navbar-brand\"><img class=\"js-svg\" src=\"<?= rex_url::base(\'resources/css/files/redaxo-logo.svg\') ?>\" alt=\"REDAXO CMS\"></a>\r\n            </div>\r\n\r\n			<?php\r\n			$social = \'\';\r\n\r\n			if (rex_clang::getCurrent()->getValue(\'clang_facebook\') != \'\') {\r\n				$social .= \'\r\n	<a href=\"\'.rex_clang::getCurrent()->getValue(\'clang_facebook\').\'\"><i class=\"fa fa-facebook\"></i></a>\';\r\n			}\r\n			if (rex_clang::getCurrent()->getValue(\'clang_twitter\') != \'\') {\r\n				$social .= \'\r\n	<a href=\"\'.rex_clang::getCurrent()->getValue(\'clang_twitter\').\'\"><i class=\"fa fa-twitter\"></i></a>\';\r\n			}\r\n			if (rex_clang::getCurrent()->getValue(\'clang_slack\') != \'\') {\r\n				$social .= \'\r\n	<a href=\"\'.rex_clang::getCurrent()->getValue(\'clang_slack\').\'\"><i class=\"fa fa-slack\"></i></a>\';\r\n			}\r\n\r\n			if ($social != \'\') {\r\n				$social = \'\r\n                <li class=\"social-links\">\r\n                    \'.$social.\'\r\n                </li>\';\r\n			}\r\n			?>\r\n            <!-- /Navigation allgemein -->\r\n\r\n            <?php\r\n            $home = rex_category::get($path0);\r\n            $children = $home->getChildren();\r\n\r\n			if (is_array($children)) {\r\n                echo \'\r\n                <div class=\"collapse navbar-collapse\">\r\n                    <ul class=\"nav navbar-nav navbar-right navbar-uppercase\">\';\r\n\r\n                        // Social-Links nur in der Off-Canvas-Navi anzeigen\r\n                        if ($this->getValue(\'cat_navigation\') == \'burger\') echo $social;\r\n\r\n                        $home_article = rex_article::get($path0);\r\n        				$active = ($path0 == $this->getValue(\'article_id\')) ? \' class=\"active\"\' : \'\';\r\n        				echo \'<li><a\'.$active.\' href=\"\'.$home_article->getUrl().\'\">\'.$home_article->getName().\'</a></li>\';\r\n\r\n                        if (is_array($children)) {\r\n                            foreach ($children as $child) {\r\n                                // Nur wenn Kategorie online\r\n                                if ($child->isOnline()) {\r\n									$active = ($child->getId() == $this->getValue(\'article_id\')) ? \' class=\"active\"\' : \'\';\r\n                                    echo \'<li><a\'.$active.\' href=\"\'.rex_getUrl($child->getId()).\'\">\'.$child->getName().\'</a></li>\';\r\n                                }\r\n                            }\r\n                        }\r\n\r\n                        if ($this->getValue(\'cat_navigation\') == \'normal\') echo $social;\r\n\r\n                        echo \'\r\n                    </ul>\r\n                </div>\';\r\n            }\r\n            echo \'\r\n        </div>\r\n    </nav>\';\r\n    ?>\r\n\r\n    <div class=\"wrapper\">\r\n		<?php\r\n		// Den Content ausgeben. Ersetzungen zum einfachen Erzeugen großer Buttons, Labels und Formatieren der Code-Schnipsel\r\n		echo str_replace(\r\n			array(\r\n				\'class=\"button\',\r\n				\'<b>\',\r\n				\'</b>\',\r\n				\'<pre>\'\r\n			), array(\r\n                \'class=\"btn btn-lg btn-black btn-arrow\',\r\n                \'<span class=\"label label-primary\">\',\r\n                \'</span>\',\r\n                \'<pre class=\"prettyprint lnaghtml linenums\">\r\n            \'),\r\n			$content);\r\n		?>\r\n    </div>\r\n\r\n    <div class=\"body-layer\"></div>\r\n</body>\r\n\r\nREX_TEMPLATE[4]\r\n</html>\r\n',1,'2017-10-10 07:11:06','{\"ctype\":[],\"modules\":{\"1\":{\"all\":\"1\"}},\"categories\":{\"all\":\"1\"}}',0,'admin','2018-04-05 06:44:42','admin'),
  (6,NULL,'05 . Preloader','<?php\r\nif ($this->getValue(\"cat_preloader\") == \'|true|\') {\r\n	echo \'\r\n<div class=\"loading \">\r\n	<div class=\"loading-container\">\r\n		<div class=\"bounce\">\r\n			<div class=\"child bounce1\"></div>\r\n			<div class=\"child bounce2\"></div>\r\n			<div class=\"child bounce3\"></div>\r\n		  </div>\r\n		<p>Einen Moment bitte ...</p>\r\n	</div>\r\n</div>\';\r\n}\r\n?>',0,'2017-09-28 21:48:33','{\"ctype\":[],\"modules\":{\"1\":{\"all\":\"1\"}},\"categories\":{\"all\":\"1\"}}',0,'admin','2018-04-05 06:44:43','admin'),
  (7,NULL,'06 . Navigation allgemein','<div class=\"navbar-header\">\n	<button id=\"menu-toggle\" type=\"button\" class=\"navbar-toggle\" data-toggle=\"collapse\" data-target=\"#example\">\n		<span class=\"sr-only\">Toggle navigation</span>\n		<span class=\"icon-bar bar1\"></span>\n		<span class=\"icon-bar bar2\"></span>\n		<span class=\"icon-bar bar3\"></span>\n	</button>\n	<a href=\"#top\" class=\"navbar-brand\"><img class=\"js-svg\" src=\"<?= rex_url::base(\'resources/css/files/redaxo-logo.svg\') ?>\" alt=\"REDAXO CMS\"></a>\n</div>\n\n<?php\n$social = \'\';\n\nif (rex_clang::getCurrent()->getValue(\'clang_facebook\') != \'\') {\n	$social .= \'\n	<a href=\"\'.rex_clang::getCurrent()->getValue(\'clang_facebook\').\'\"><i class=\"fa fa-facebook\"></i></a>\';\n}\nif (rex_clang::getCurrent()->getValue(\'clang_twitter\') != \'\') {\n	$social .= \'\n	<a href=\"\'.rex_clang::getCurrent()->getValue(\'clang_twitter\').\'\"><i class=\"fa fa-twitter\"></i></a>\';\n}\nif (rex_clang::getCurrent()->getValue(\'clang_slack\') != \'\') {\n	$social .= \'\n	<a href=\"\'.rex_clang::getCurrent()->getValue(\'clang_slack\').\'\"><i class=\"fa fa-slack\"></i></a>\';\n}\n\nif ($social != \'\') {\n	$social = \'\n	<li class=\"social-links\">\n		\'.$social.\'\n	</li>\';\n}\n?>',0,'2017-09-28 21:48:27','{\"ctype\":[],\"modules\":{\"1\":{\"all\":\"1\"}},\"categories\":{\"all\":\"1\"}}',0,'admin','2018-04-05 06:44:44','admin'),
  (8,NULL,'04 . Abschnitte als Kategorien','REX_TEMPLATE[3]\r\n\r\n<?php\r\n$cat_color = ($this->getValue(\'cat_color\') != \'\') ? $this->getValue(\'cat_color\') : \'c5a47e\';\r\nrex::setProperty(\'cat_color\', $cat_color);\r\n\r\n$sep_char = ($this->getValue(\'cat_sep_char\') != \'\') ? $this->getValue(\'cat_sep_char\') : \'*\';\r\nrex::setProperty(\'sep_char\', $sep_char);\r\n\r\n// Content parsen\r\n$content = $this->getArticle(\'1\');\r\n?>\r\n\r\n<body class=\"landing-page\" id=\"top\">\r\n\r\n    <!-- Preloader -->\r\n    REX_TEMPLATE[6]\r\n    <!-- /Preloader -->\r\n\r\n    <?php\r\n    $nav_burger = ($this->getValue(\'cat_navigation\') == \'burger\') ? \' navbar-burger\' : \'\';\r\n    // Für eine Off-Canvas-Navigation die CSS-Klasse navbar-burger hinzufügen\r\n    ?>\r\n    <nav class=\"navbar navbar-default navbar-transparent navbar-fixed-top<?php echo $nav_burger; ?>\" role=\"navigation\">\r\n        <div class=\"container\">\r\n\r\n            <!-- Navigation -->\r\n            REX_TEMPLATE[7]\r\n            <!-- /Navigation allgemein -->\r\n\r\n            <?php\r\n			echo \'\r\n			<div class=\"collapse navbar-collapse\">\r\n				<ul class=\"nav navbar-nav navbar-right navbar-uppercase\">\';\r\n\r\n					// Social-Links nur in der Off-Canvas-Navi anzeigen\r\n					if ($this->getValue(\'cat_navigation\') == \'burger\') echo $social;\r\n\r\n					$cats = $cat = rex_article::get($this->article_id)->getCategory();\r\n\r\n					$children = $cats->getChildren(true);\r\n					if (is_array($children) && count($children) > 0) {\r\n\r\n						foreach ($children as $child) {\r\n							// Der Inhalt des aktuellen Artikels soll nicht nochmal erneut ausgelesen werden\r\n							if ($child->getId() == REX_ARTICLE_ID) continue;\r\n\r\n							// rex_string::normalize entfernt Sonderzeichen für eine gültige URL\r\n							echo \'\r\n							<li><a href=\"\" data-scroll=\"true\" data-id=\"#\'.rex_string::normalize($child->getName()).\'\">\'.$child->getName().\'</a></li>\';\r\n\r\n							// Das Artikel-Objekt wird angesprochen\r\n							$category_content = new rex_article_content($child->getId());\r\n							// Der Inhalt der Unter-Artikel wird an den Artikel-Inhalt angehängt\r\n							// Zu Beginn wird immer ein Sprunganker erzeugt\r\n							$content .= \'\r\n							<div id=\"\'.rex_string::normalize($child->getName()).\'\"></div>\';\r\n							$content .= str_replace(\'class=\"button\', \'class=\"btn btn-lg btn-black btn-arrow\', $category_content->getArticle());\r\n\r\n							// Falls die Kategorie weitere Artikel hat,\r\n							// diese ebenfalls in gleiche Segment laden\r\n							// Kommentare dazu im Template \"Abschnitte als Artikel\"\r\n							$cat = rex_category::get($child->getId());\r\n							$articles = $cat->getArticles(true);\r\n							if (is_array($articles) && count($articles) > 0) {\r\n\r\n								foreach ($articles as $article) {\r\n									if ($article->getId() == REX_ARTICLE_ID) continue;\r\n									if ($article->isStartArticle()) continue;\r\n									$article_content = new rex_article_content($article->getId());\r\n									$content .= str_replace(\'class=\"button\', \'class=\"btn btn-lg btn-black btn-arrow\', $article_content->getArticle());\r\n								}\r\n							}\r\n							// Ende weitere Artikel der Kategorie holen\r\n\r\n						}\r\n					}\r\n\r\n					echo \'\r\n				</ul>\r\n			</div>\';\r\n\r\n            echo \'\r\n        </div>\r\n    </nav>\';\r\n    ?>\r\n\r\n    <div class=\"wrapper\">\r\n		<?php\r\n		// Den Content ausgeben. Ersetzungen zum einfachen Erzeugen großer Buttons, Labels und Formatieren der Code-Schnipsel\r\n		echo str_replace(\r\n			array(\r\n				\'class=\"button\',\r\n				\'<b>\',\r\n				\'</b>\',\r\n				\'<pre>\'\r\n			), array(\r\n                \'class=\"btn btn-lg btn-black btn-arrow\',\r\n                \'<span class=\"label label-primary\">\',\r\n                \'</span>\',\r\n                \'<pre class=\"prettyprint lnaghtml linenums\">\r\n            \'),\r\n			$content);\r\n		?>\r\n    </div>\r\n\r\n</body>\r\n\r\nREX_TEMPLATE[4]\r\n</html>\r\n',1,'2019-05-03 11:32:47','{\"ctype\":[],\"modules\":{\"1\":{\"all\":\"1\"}},\"categories\":{\"all\":\"1\"}}',0,'admin','2019-05-03 11:32:47','admin');
/*!40000 ALTER TABLE `rex_template` ENABLE KEYS */;
UNLOCK TABLES;

DROP TABLE IF EXISTS `rex_user_role`;
CREATE TABLE `rex_user_role` (
  `id` int unsigned NOT NULL AUTO_INCREMENT,
  `name` varchar(255) DEFAULT NULL,
  `description` text,
  `perms` text NOT NULL,
  `createdate` datetime NOT NULL,
  `revision` int unsigned NOT NULL,
  `createuser` varchar(255) NOT NULL,
  `updatedate` datetime NOT NULL,
  `updateuser` varchar(255) NOT NULL,
  PRIMARY KEY (`id`)
) ENGINE=InnoDB DEFAULT CHARSET=utf8mb3;
SET FOREIGN_KEY_CHECKS = 1;
